Symbol,Price,Change (%),Bid,Ask,Value,Lot,Freq,Avg,Prev,Open,High,Low,IEP,IEV,Volume,Value 2,Price MA 5,Foreign Flow,RSI (14),Volume MA 20,VWAP,Previous Price,Market Cap,1 Week Price Returns,52 Week High,52 Week Low,1 Day Price Returns (%),Price Change,Net Foreign Buy / Sell,Bandar Accum/Dist,Price Numeric,Bid Numeric,Ask Numeric,Value Numeric,Lot Numeric,Freq Numeric,Avg Numeric,Prev Numeric,Open Numeric,High Numeric,Low Numeric,IEP Numeric,IEV Numeric,Volume Numeric,Value 2 Numeric,Price MA 5 Numeric,Foreign Flow Numeric,RSI (14) Numeric,Volume MA 20 Numeric,VWAP Numeric,Previous Price Numeric,Market Cap Numeric,1 Week Price Returns Numeric,52 Week High Numeric,52 Week Low Numeric,1 Day Price Returns (%) Numeric,Price Change Numeric,Net Foreign Buy / Sell Numeric,Bandar Accum/Dist Numeric,Change Value,Change Percent
AADI,"8,750","250
(+2.94%)","8,725","8,750","65,12B",75.04K,"5,24K","8,678","8,500","8,550","8,800","8,450",-,-,"7,504,100.00","65,121,787,500.00","8,505.00","2,186.59 B",63.81%,"10,069,820.00","8,666.67","8,500.00","68,135.30 B",7.03%,"11,800.00","6,700.00",2.94%,250.00,(5.72 B),19.89,8750,8725,8750,65120000000,75040,5240,8678,8500,8550,8800,8450,,,7504100,65121787500,8505,2.18659e+12,63.81,10069820,8666.67,8500,68135300000000,7.03,11800,6700,2.94,250,-5720000000,19.89,250,2.94
AALI,"6,450","25
(+0.39%)","6,375","6,425","4,49B",7K,756,"6,413","6,425","6,425","6,450","6,375",-,-,"700,600.00","4,493,075,000.00","6,355.00",(705.59 B),58.35%,"1,230,825.00","6,425.00","6,425.00","12,414.24 B",2.38%,"9,000.00","5,825.00",0.39%,25.00,(1.79 B),-27.83,6450,6375,6425,4490000000,7000,756,6413,6425,6425,6450,6375,,,700600,4493075000,6355,-705590000000,58.35,1230825,6425,6425,12414240000000,2.38,9000,5825,0.39,25,-1790000000,-27.83,25,0.39
ABDA,"3,390","0
(0.00%)","3,390","3,410","1,70M",5,4,"3,392","3,390","3,380","3,410","3,380",-,-,500.00,"1,696,000.00","3,396.00",13.97 B,52.61%,"1,920.00","3,393.33","3,390.00","2,104.53 B",-0.29%,"4,760.00","2,230.00",-,-,-,20.00,3390,3390,3410,1700000,5,4,3392,3390,3380,3410,3380,,,500,1696000,3396,13970000000,52.61,1920,3393.33,3390,2.10453e+12,-0.29,4760,2230,,,,20,0,0
ABMM,"2,500","50
(+2.04%)","2,480","2,490","615,47M",2.49K,259,"2,471","2,450","2,480","2,500","2,450",-,-,"249,100.00","615,467,000.00","2,416.00",(559.56 B),63.38%,"279,285.00","2,483.33","2,450.00","6,882.91 B",8.70%,"3,190.00","2,120.00",2.04%,50.00,(8.90 M),13.97,2500,2480,2490,615470000,2490,259,2471,2450,2480,2500,2450,,,249100,615467000,2416,-559560000000,63.38,279285,2483.33,2450,6882910000000,8.7,3190,2120,2.04,50,-8900000,13.97,50,2.04
ACES,352,"6
(+1.73%)",350,352,"3,90B",111.59K,"2,41K",349,346,348,352,344,-,-,"11,159,400.00","3,898,525,200.00",348.00,"(1,300.71 B)",54.82%,"17,629,980.00",349.33,346.00,"6,026.38 B",2.92%,505.00,310.00,1.73%,6.00,660.05 M,0.31,352,350,352,3900000000,111590,2410,349,346,348,352,344,,,11159400,3898525200,348,-1300710000000,54.82,17629980,349.33,346,6026380000000,2.92,505,310,1.73,6,660050000,0.31,6,1.73
ACRO,62,"1
(-1.59%)",62,63,"241,13M",38.8K,268,62,63,63,64,61,-,-,"3,880,300.00","241,130,500.00",62.00,(20.13 B),50.08%,"10,654,210.00",62.33,63.00,215.10 B,-,128.00,51.00,-1.59%,-1.00,5.14 M,-10.42,62,62,63,241130000,38800,268,62,63,63,64,61,,,3880300,241130500,62,-20130000000,50.08,10654210,62.33,63,215100000000,,128,51,-1.59,-1,5140000,-10.42,1,-1.59
ACST,83,"1
(+1.22%)",-,-,"12,05M",1.46K,52,82,82,82,83,82,-,-,"146,900.00","12,051,000.00",79.00,117.46 B,68.65%,"281,360.00",82.67,82.00,"1,467.04 B",7.79%,204.00,69.00,1.22%,1.00,(0.58 M),13.56,83,,,12050000,1460,52,82,82,82,83,82,,,146900,12051000,79,117460000000,68.65,281360,82.67,82,1467040000000,7.79,204,69,1.22,1,-580000,13.56,1,1.22
ADES,"34,275","450
(+1.33%)","34,125","34,150","1,21B",358,164,"33,676","33,825","33,775","34,450","33,000",-,-,"35,800.00","1,205,610,000.00","34,495.00",(35.46 B),67.15%,"90,310.00","33,908.33","33,825.00","20,218.71 B",-3.31%,"37,200.00","12,400.00",1.33%,450.00,221.76 M,14.39,34275,34125,34150,1210000000,358,164,33676,33825,33775,34450,33000,,,35800,1205610000,34495,-35460000000,67.15,90310,33908.33,33825,20218710000000,-3.31,37200,12400,1.33,450,221760000,14.39,450,1.33
ADHI,166,"2
(+1.22%)",165,166,"464,55M",28.14K,719,165,164,166,167,164,-,-,"2,814,900.00","464,547,300.00",163.00,274.96 B,56.04%,"4,282,850.00",165.67,164.00,"1,395.66 B",3.75%,318.00,130.00,1.22%,2.00,(23.45 M),7.32,166,165,166,464550000,28140,719,165,164,166,167,164,,,2814900,464547300,163,274960000000,56.04,4282850,165.67,164,1395660000000,3.75,318,130,1.22,2,-23450000,7.32,2,1.22
ADMF,"8,300","25
(-0.30%)","8,300","8,325","135,46M",164,59,"8,260","8,325","8,325","8,325","8,150",-,-,"16,400.00","135,462,500.00","8,180.00",(95.91 B),60.57%,"30,475.00","8,258.33","8,325.00","10,257.17 B",2.47%,"9,350.00","7,675.00",-0.30%,-25.00,(16.55 M),6.56,8300,8300,8325,135460000,164,59,8260,8325,8325,8325,8150,,,16400,135462500,8180,-95910000000,60.57,30475,8258.33,8325,10257170000000,2.47,9350,7675,-0.3,-25,-16550000,6.56,25,-0.3
ADMG,216,"0
(0.00%)",216,218,"39,65M",1.84K,61,215,216,216,216,212,-,-,"184,300.00","39,648,600.00",213.00,179.64 B,63.69%,"402,700.00",214.67,216.00,840.06 B,8.00%,268.00,115.00,-,-,(64.80 K),11.28,216,216,218,39650000,1840,61,215,216,216,216,212,,,184300,39648600,213,179640000000,63.69,402700,214.67,216,840060000000,8,268,115,,,-64800,11.28,0,0
ADMR,"1,530","0
(0.00%)","1,525","1,530","14,94B",97.94K,"2,61K","1,526","1,530","1,530","1,540","1,515",-,-,"9,794,000.00","14,944,145,500.00","1,515.00","2,341.84 B",55.26%,"18,106,240.00","1,528.33","1,530.00","62,549.97 B",5.52%,"2,320.00",945.00,-,-,(9.00 B),-10.79,1530,1525,1530,14940000000,97940,2610,1526,1530,1530,1540,1515,,,9794000,14944145500,1515,2341840000000,55.26,18106240,1528.33,1530,62549970000000,5.52,2320,945,,,-9000000000,-10.79,0,0
ADRO,"2,490","20
(-0.80%)","2,490","2,500","48,47B",193.83K,"9,15K","2,500","2,510","2,510","2,520","2,490",-,-,"19,383,700.00","48,466,605,000.00","2,482.00","(4,288.11 B)",63.96%,"25,769,605.00","2,500.00","2,510.00","71,713.23 B",4.18%,"2,700.00","1,625.00",-0.80%,-20.00,(8.32 B),-35.82,2490,2490,2500,48470000000,193830,9150,2500,2510,2510,2520,2490,,,19383700,48466605000,2482,-4.28811e+12,63.96,25769605,2500,2510,71713230000000,4.18,2700,1625,-0.8,-20,-8320000000,-35.82,20,-0.8
AEGS,41,"0
(0.00%)",41,42,"77,97M",19.01K,235,41,41,42,42,40,-,-,"1,901,500.00","77,971,100.00",40.00,2.56 B,53.31%,"2,000,210.00",41.00,41.00,41.25 B,2.50%,101.00,31.00,-,-,-,2.07,41,41,42,77970000,19010,235,41,41,42,42,40,,,1901500,77971100,40,2560000000,53.31,2000210,41,41,41250000000,2.5,101,31,,,,2.07,0,0
AGAR,505,"101
(+25.00%)",505,-,"398,95M",7.9K,136,505,404,505,505,505,-,-,"790,000.00","398,950,000.00",340.00,19.77 M,92.64%,"256,535.00",505.00,404.00,505.00 B,138.21%,505.00,194.00,25.00%,101.00,-,21.45,505,505,,398950000,7900,136,505,404,505,505,505,,,790000,398950000,340,19770000,92.64,256535,505,404,505000000000,138.21,505,194,25,101,,21.45,101,25
AGII,"2,980","0
(0.00%)","2,980","3,000","420,45M",1.39K,213,"3,007","2,980","2,990","3,070","2,980",-,-,"139,800.00","420,446,000.00","3,078.00",9.46 B,54.30%,"406,355.00","3,010.00","2,980.00","9,138.65 B",2.76%,"3,700.00",675.00,-,-,(0.15 B),19.31,2980,2980,3000,420450000,1390,213,3007,2980,2990,3070,2980,,,139800,420446000,3078,9460000000,54.3,406355,3010,2980,9138650000000,2.76,3700,675,,,-150000000,19.31,0,0
AGRO,152,"7
(+4.83%)",152,154,"2,85B",187.9K,"1,99K",152,145,146,155,145,-,-,"18,790,700.00","2,848,076,600.00",145.00,771.11 B,56.39%,"4,854,060.00",150.67,145.00,"3,760.56 B",7.80%,272.00,119.00,4.83%,7.00,47.48 M,-27.34,152,152,154,2850000000,187900,1990,152,145,146,155,145,,,18790700,2848076600,145,771110000000,56.39,4854060,150.67,145,3760560000000,7.8,272,119,4.83,7,47480000,-27.34,7,4.83
AHAP,95,"2
(+2.15%)",94,95,"2,99B",313.69K,"3,53K",95,93,94,98,92,-,-,"31,369,000.00","2,991,256,300.00",94.00,(46.54 B),55.16%,"21,440,400.00",95.00,93.00,465.50 B,-,214.00,58.00,2.15%,2.00,(0.24 B),26.08,95,94,95,2990000000,313690,3530,95,93,94,98,92,,,31369000,2991256300,94,-46540000000,55.16,21440400,95,93,465500000000,,214,58,2.15,2,-240000000,26.08,2,2.15
AIMS,358,"60
(-14.35%)",370,374,"1,15B",31.24K,770,369,418,418,428,356,-,-,"3,124,900.00","1,152,075,800.00",418.00,658.39 M,33.49%,"328,500.00",380.67,418.00,78.76 B,-12.68%,"1,015.00",290.00,-14.35%,-60.00,(72.43 M),-21.49,358,370,374,1150000000,31240,770,369,418,418,428,356,,,3124900,1152075800,418,658390000,33.49,328500,380.67,418,78760000000,-12.68,1015,290,-14.35,-60,-72430000,-21.49,60,-14.35
AISA,108,"0
(0.00%)",108,109,"124,94M",11.56K,198,108,108,108,110,107,-,-,"1,156,800.00","124,940,400.00",109.00,333.79 B,57.46%,"3,078,400.00",108.33,108.00,"1,005.67 B",-,183.00,86.00,-,-,(0.89 M),15.50,108,108,109,124940000,11560,198,108,108,108,110,107,,,1156800,124940400,109,333790000000,57.46,3078400,108.33,108,1005670000000,,183,86,,,-890000,15.5,0,0
AKPI,494,"2
(+0.41%)",492,496,"1,48M",30,22,495,492,494,505,490,-,-,"3,000.00","1,484,700.00",497.00,(74.47 B),52.61%,"66,055.00",496.33,492.00,302.45 B,-0.80%,700.00,452.00,0.41%,2.00,(0.15 M),26.67,494,492,496,1480000,30,22,495,492,494,505,490,,,3000,1484700,497,-74470000000,52.61,66055,496.33,492,302450000000,-0.8,700,452,0.41,2,-150000,26.67,2,0.41
AKRA,"1,355","15
(-1.09%)","1,360","1,365","11,42B",83.89K,"3,63K","1,361","1,370","1,370","1,375","1,350",-,-,"8,389,300.00","11,415,442,000.00","1,348.00",72.66 B,59.75%,"14,218,820.00","1,360.00","1,370.00","27,199.56 B",2.65%,"1,595.00","1,065.00",-1.09%,-15.00,(1.28 B),1.36,1355,1360,1365,11420000000,83890,3630,1361,1370,1370,1375,1350,,,8389300,11415442000,1348,72660000000,59.75,14218820,1360,1370,27199560000000,2.65,1595,1065,-1.09,-15,-1280000000,1.36,15,-1.09
AMAN,266,"6
(+2.31%)",264,266,"262,00M",9.81K,264,267,260,262,272,256,-,-,"981,800.00","261,998,400.00",262.00,(0.41 B),54.36%,"442,470.00",264.67,260.00,"1,030.35 B",3.91%,382.00,102.00,2.31%,6.00,(14.93 M),36.30,266,264,266,262000000,9810,264,267,260,262,272,256,,,981800,261998400,262,-410000000,54.36,442470,264.67,260,1.03035e+12,3.91,382,102,2.31,6,-14930000,36.3,6,2.31
AMAR,208,"0
(0.00%)",206,208,"122,06M",5.86K,281,208,208,208,210,204,-,-,"586,600.00","122,062,200.00",207.00,(39.09 B),60.13%,"686,485.00",207.33,208.00,"3,823.27 B",2.97%,302.00,158.00,-,-,6.80 M,-33.49,208,206,208,122060000,5860,281,208,208,208,210,204,,,586600,122062200,207,-39090000000,60.13,686485,207.33,208,3823270000000,2.97,302,158,,,6800000,-33.49,0,0
AMMN,"3,940","20
(+0.51%)","3,930","3,940","236,73B",607.32K,"15,93K","3,898","3,920","3,910","3,940","3,830",-,-,"60,732,800.00","236,734,469,000.00","3,812.00","3,482.05 B",58.35%,"69,984,755.00","3,903.33","3,920.00","285,721.78 B",12.25%,"9,100.00","2,710.00",0.51%,20.00,(34.42 B),-9.62,3940,3930,3940,236730000000,607320,15930,3898,3920,3910,3940,3830,,,60732800,236734469000,3812,3482050000000,58.35,69984755,3903.33,3920,285721780000000,12.25,9100,2710,0.51,20,-34420000000,-9.62,20,0.51
AMMS,300,"0
(0.00%)",296,300,"23,37M",775,40,301,300,318,318,294,-,-,"77,500.00","23,365,200.00",306.00,(2.07 B),36.48%,"73,430.00",304.00,300.00,370.59 B,-1.96%,650.00,83.00,-,-,-,-17.82,300,296,300,23370000,775,40,301,300,318,318,294,,,77500,23365200,306,-2070000000,36.48,73430,304,300,370590000000,-1.96,650,83,,,,-17.82,0,0
AMRT,"1,335","5
(+0.38%)","1,335","1,340","61,75B",461.55K,"9,28K","1,338","1,330","1,330","1,360","1,315",-,-,"46,155,200.00","61,748,654,000.00","1,365.00",848.27 B,42.99%,"43,720,190.00","1,336.67","1,330.00","55,435.21 B",-4.64%,"2,490.00","1,105.00",0.38%,5.00,(6.49 B),-18.43,1335,1335,1340,61750000000,461550,9280,1338,1330,1330,1360,1315,,,46155200,61748654000,1365,848270000000,42.99,43720190,1336.67,1330,55435210000000,-4.64,2490,1105,0.38,5,-6490000000,-18.43,5,0.38
ANJT,"1,510","10
(+0.67%)","1,510","1,515","60,14M",393,72,"1,530","1,500","1,510","1,575","1,510",-,-,"39,300.00","60,140,500.00","1,491.00",(67.53 B),53.14%,"35,565.00","1,531.67","1,500.00","5,064.80 B",4.14%,"2,810.00","1,020.00",0.67%,10.00,4.39 M,-19.03,1510,1510,1515,60140000,393,72,1530,1500,1510,1575,1510,,,39300,60140500,1491,-67530000000,53.14,35565,1531.67,1500,5064800000000,4.14,2810,1020,0.67,10,4390000,-19.03,10,0.67
ANTM,"3,070","10
(-0.32%)","3,050","3,060","257,95B",846.73K,"18,91K","3,046","3,080","3,000","3,070","3,000",-,-,"84,673,200.00","257,953,553,000.00","3,006.00","6,236.39 B",56.55%,"96,208,650.00","3,046.67","3,080.00","73,774.45 B",5.86%,"4,970.00","2,450.00",-0.32%,-10.00,10.94 B,26.40,3070,3050,3060,257950000000,846730,18910,3046,3080,3000,3070,3000,,,84673200,257953553000,3006,6236390000000,56.55,96208650,3046.67,3080,73774450000000,5.86,4970,2450,-0.32,-10,10940000000,26.4,10,-0.32
APEX,137,"1
(-0.72%)",137,138,"599,36M",43.7K,705,137,138,139,139,135,-,-,"4,370,400.00","599,363,800.00",138.00,(112.99 B),52.63%,"18,078,215.00",137.00,138.00,485.87 B,3.79%,314.00,105.00,-0.72%,-1.00,(49.39 M),28.07,137,137,138,599360000,43700,705,137,138,139,139,135,,,4370400,599363800,138,-112990000000,52.63,18078215,137,138,485870000000,3.79,314,105,-0.72,-1,-49390000,28.07,1,-0.72
APIC,705,"45
(+6.82%)",690,700,"216,35M",3.2K,381,676,660,660,710,645,-,-,"320,000.00","216,350,000.00",654.00,170.28 B,49.16%,"9,169,460.00",686.67,660.00,"8,295.25 B",11.02%,"2,410.00",442.00,6.82%,45.00,55.81 M,-10.03,705,690,700,216350000,3200,381,676,660,660,710,645,,,320000,216350000,654,170280000000,49.16,9169460,686.67,660,8295250000000,11.02,2410,442,6.82,45,55810000,-10.03,45,6.82
ARCI,"1,080","30
(-2.70%)","1,080","1,085","34,90B",322.2K,"6,47K","1,083","1,110","1,110","1,115","1,070",-,-,"32,220,700.00","34,903,089,500.00","1,058.00",(366.31 B),54.17%,"36,366,545.00","1,088.33","1,110.00","27,253.80 B",8.00%,"2,120.00",575.00,-2.70%,-30.00,(6.73 B),-25.28,1080,1080,1085,34900000000,322200,6470,1083,1110,1110,1115,1070,,,32220700,34903089500,1058,-366310000000,54.17,36366545,1088.33,1110,27253800000000,8,2120,575,-2.7,-30,-6730000000,-25.28,30,-2.7
ARKO,"4,680","110
(-2.30%)","4,660","4,690","3,12B",6.6K,732,"4,717","4,790","4,800","4,820","4,630",-,-,"660,700.00","3,116,623,000.00","4,724.00",66.61 B,41.76%,"2,243,635.00","4,710.00","4,790.00","13,705.36 B",3.08%,"13,000.00",800.00,-2.30%,-110.00,(0.36 B),-39.25,4680,4660,4690,3120000000,6600,732,4717,4790,4800,4820,4630,,,660700,3116623000,4724,66610000000,41.76,2243635,4710,4790,13705360000000,3.08,13000,800,-2.3,-110,-360000000,-39.25,110,-2.3
ARNA,462,"0
(0.00%)",458,460,"972,34M",21.1K,331,461,462,462,464,458,-,-,"2,110,800.00","972,339,800.00",462.00,26.76 B,65.83%,"2,020,695.00",461.33,462.00,"3,391.74 B",-,595.00,392.00,-,-,(0.21 B),-10.51,462,458,460,972340000,21100,331,461,462,462,464,458,,,2110800,972339800,462,26760000000,65.83,2020695,461.33,462,3391740000000,,595,392,,,-210000000,-10.51,0,0
ARTA,"2,490","190
(-7.09%)","2,480","2,500","294,19M",1.17K,270,"2,506","2,680","2,680","2,800","2,420",-,-,"117,400.00","294,191,000.00","2,474.00",(87.56 B),50.44%,"27,690.00","2,570.00","2,680.00","1,112.22 B",-,"4,770.00","1,910.00",-7.09%,-190.00,(15.42 M),-17.63,2490,2480,2500,294190000,1170,270,2506,2680,2680,2800,2420,,,117400,294191000,2474,-87560000000,50.44,27690,2570,2680,1112220000000,,4770,1910,-7.09,-190,-15420000,-17.63,190,-7.09
ARTO,"1,405","85
(+6.44%)","1,400","1,405","35,20B",252.41K,"8,69K","1,395","1,320","1,320","1,435","1,320",-,-,"25,241,100.00","35,202,600,000.00","1,267.00","5,827.16 B",71.11%,"10,710,120.00","1,386.67","1,320.00","19,475.17 B",23.79%,"2,440.00",740.00,6.44%,85.00,(4.66 B),20.84,1405,1400,1405,35200000000,252410,8690,1395,1320,1320,1435,1320,,,25241100,35202600000,1267,5827160000000,71.11,10710120,1386.67,1320,19475170000000,23.79,2440,740,6.44,85,-4660000000,20.84,85,6.44
ASHA,58,"0
(0.00%)",57,58,"620,18M",106.53K,960,58,58,58,59,57,-,-,"10,653,000.00","620,180,900.00",58.00,12.69 B,52.36%,"44,986,365.00",58.00,58.00,290.00 B,3.57%,125.00,15.00,-,-,973.10 K,6.35,58,57,58,620180000,106530,960,58,58,58,59,57,,,10653000,620180900,58,12690000000,52.36,44986365,58,58,290000000000,3.57,125,15,,,973100,6.35,0,0
ASII,"5,100","0
(0.00%)","5,100","5,125","343,67B",670.12K,"13,45K","5,128","5,100","5,100","5,200","5,025",-,-,"67,012,100.00","343,665,575,000.00","4,956.00","(9,380.33 B)",57.61%,"49,324,485.00","5,108.33","5,100.00","206,466.12 B",6.03%,"7,475.00","4,350.00",-,-,(162.55 B),-45.36,5100,5100,5125,343670000000,670120,13450,5128,5100,5100,5200,5025,,,67012100,343665575000,4956,-9380330000000,57.61,49324485,5108.33,5100,206466120000000,6.03,7475,4350,,,-162550000000,-45.36,0,0
ASLC,64,"0
(0.00%)",63,64,"207,13M",32.71K,290,63,64,64,65,63,-,-,"3,271,700.00","207,130,000.00",62.00,37.99 B,58.74%,"4,006,080.00",64.00,64.00,815.77 B,6.67%,136.00,50.00,-,-,(2.03 M),-12.44,64,63,64,207130000,32710,290,63,64,64,65,63,,,3271700,207130000,62,37990000000,58.74,4006080,64,64,815770000000,6.67,136,50,,,-2030000,-12.44,0,0
ASPR,150,"5
(-3.23%)",150,151,"4,20B",276.97K,"3,78K",152,155,156,158,147,-,-,"27,697,000.00","4,197,664,700.00",152.00,(5.41 B),43.96%,"46,938,240.00",151.67,155.00,406.80 B,3.45%,620.00,85.00,-3.23%,-5.00,25.00 M,-32.03,150,150,151,4200000000,276970,3780,152,155,156,158,147,,,27697000,4197664700,152,-5410000000,43.96,46938240,151.67,155,406800000000,3.45,620,85,-3.23,-5,25000000,-32.03,5,-3.23
ASRI,123,"0
(0.00%)",123,124,"818,93M",66.61K,567,123,123,123,125,122,-,-,"6,661,500.00","818,934,100.00",121.00,"(1,002.07 B)",59.14%,"18,332,420.00",123.33,123.00,"2,416.88 B",5.13%,204.00,96.00,-,-,(62.50 M),-20.28,123,123,124,818930000,66610,567,123,123,123,125,122,,,6661500,818934100,121,-1002070000000,59.14,18332420,123.33,123,2416880000000,5.13,204,96,,,-62500000,-20.28,0,0
ASSA,635,"10
(+1.60%)",625,630,"2,57B",41.01K,627,627,625,620,635,615,-,-,"4,101,800.00","2,571,604,500.00",621.00,125.78 B,53.96%,"4,800,965.00",628.33,625.00,"2,343.87 B",8.55%,"1,315.00",505.00,1.60%,10.00,(0.62 B),-20.88,635,625,630,2570000000,41010,627,627,625,620,635,615,,,4101800,2571604500,621,125780000000,53.96,4800965,628.33,625,2343870000000,8.55,1315,505,1.6,10,-620000000,-20.88,10,1.6
ATAP,560,"0
(0.00%)",550,555,"1,10B",20.5K,700,534,560,560,565,510,-,-,"2,050,500.00","1,095,624,000.00",579.00,(6.63 B),62.95%,"2,628,485.00",545.00,560.00,700.00 B,25.56%,"1,005.00",26.00,-,-,301.34 M,-11.76,560,550,555,1100000000,20500,700,534,560,560,565,510,,,2050500,1095624000,579,-6630000000,62.95,2628485,545,560,700000000000,25.56,1005,26,,,301340000,-11.76,0,0
ATLA,50,"0
(0.00%)",-,50,"8,08M",1.61K,106,50,50,50,50,50,-,-,"161,500.00","8,075,000.00",50.00,(1.45 B),40.75%,"442,340.00",50.00,50.00,309.98 B,-,99.00,50.00,-,-,-,-21.35,50,,50,8080000,1610,106,50,50,50,50,50,,,161500,8075000,50,-1450000000,40.75,442340,50,50,309980000000,,99,50,,,,-21.35,0,0
AUTO,"2,640","0
(0.00%)","2,640","2,650","3,01B",11.38K,792,"2,642","2,640","2,630","2,660","2,610",-,-,"1,138,400.00","3,007,090,000.00","2,578.00",(32.79 B),69.35%,"1,241,950.00","2,636.67","2,640.00","12,724.10 B",8.64%,"2,940.00","2,090.00",-,-,(0.29 B),10.97,2640,2640,2650,3010000000,11380,792,2642,2640,2630,2660,2610,,,1138400,3007090000,2578,-32790000000,69.35,1241950,2636.67,2640,12724100000000,8.64,2940,2090,,,-290000000,10.97,0,0
AVIA,330,"4
(-1.20%)",330,332,"10,54B",313.82K,"4,42K",336,334,334,340,330,-,-,"31,382,900.00","10,540,561,000.00",327.00,"(1,852.21 B)",55.31%,"10,685,680.00",333.33,334.00,"20,444.67 B",3.77%,530.00,288.00,-1.20%,-4.00,421.20 M,14.61,330,330,332,10540000000,313820,4420,336,334,334,340,330,,,31382900,10540561000,327,-1852210000000,55.31,10685680,333.33,334,20444670000000,3.77,530,288,-1.2,-4,421200000,14.61,4,-1.2
AXIO,113,"1
(+0.89%)",112,113,"18,85M",1.68K,62,112,112,112,113,110,-,-,"168,500.00","18,852,800.00",112.00,(1.36 B),61.78%,"201,470.00",112.00,112.00,659.93 B,2.73%,156.00,100.00,0.89%,1.00,627.20 K,-15.51,113,112,113,18850000,1680,62,112,112,112,113,110,,,168500,18852800,112,-1360000000,61.78,201470,112,112,659930000000,2.73,156,100,0.89,1,627200,-15.51,1,0.89
AYAM,374,"10
(+2.75%)",370,374,"10,66B",292.27K,"2,36K",365,364,364,376,358,-,-,"29,227,800.00","10,658,453,000.00",361.00,(3.88 B),71.14%,"32,728,705.00",369.33,364.00,"1,496.00 B",6.86%,530.00,156.00,2.75%,10.00,(95.45 M),9.51,374,370,374,10660000000,292270,2360,365,364,364,376,358,,,29227800,10658453000,361,-3880000000,71.14,32728705,369.33,364,1496000000000,6.86,530,156,2.75,10,-95450000,9.51,10,2.75
AYLS,153,"7
(+4.79%)",153,154,"988,18M",64.05K,"1,42K",154,146,149,160,148,-,-,"6,405,500.00","988,180,900.00",148.00,12.05 B,53.57%,"8,972,585.00",153.67,146.00,130.57 B,-,322.00,91.00,4.79%,7.00,(1.53 M),-20.86,153,153,154,988180000,64050,1420,154,146,149,160,148,,,6405500,988180900,148,12050000000,53.57,8972585,153.67,146,130570000000,,322,91,4.79,7,-1530000,-20.86,7,4.79
BACA,121,"18
(+17.48%)",123,124,"11,74B",943.79K,"10,25K",124,103,103,134,103,-,-,"94,379,700.00","11,741,812,500.00",106.00,(354.24 B),66.88%,"5,642,340.00",119.33,103.00,"2,414.32 B",17.48%,268.00,91.00,17.48%,18.00,(0.26 B),22.69,121,123,124,11740000000,943790,10250,124,103,103,134,103,,,94379700,11741812500,106,-354240000000,66.88,5642340,119.33,103,2414320000000,17.48,268,91,17.48,18,-260000000,22.69,18,17.48
BAIK,685,"10
(+1.48%)",685,690,"9,66B",143.99K,"13,80K",671,675,675,690,660,-,-,"14,399,800.00","9,662,149,000.00",675.00,1.44 B,58.53%,"22,176,385.00",678.33,675.00,772.34 B,-0.72%,840.00,92.00,1.48%,10.00,2.28 B,20.91,685,685,690,9660000000,143990,13800,671,675,675,690,660,,,14399800,9662149000,675,1440000000,58.53,22176385,678.33,675,772340000000,-0.72,840,92,1.48,10,2280000000,20.91,10,1.48
BAJA,167,"1
(+0.60%)",165,167,"190,30M",11.39K,426,167,166,167,171,164,-,-,"1,139,600.00","190,295,900.00",165.00,(16.23 B),58.99%,"2,695,700.00",167.33,166.00,300.60 B,4.38%,222.00,106.00,0.60%,1.00,858.80 K,-4.28,167,165,167,190300000,11390,426,167,166,167,171,164,,,1139600,190295900,165,-16230000000,58.99,2695700,167.33,166,300600000000,4.38,222,106,0.6,1,858800,-4.28,1,0.6
BBCA,"6,475","250
(+4.02%)","6,450","6,475","2,04T",3.19M,"56,47K","6,399","6,225","6,225","6,500","6,200",-,-,"319,191,300.00","2,042,512,485,000.00","6,235.00","(55,628.06 B)",61.18%,"183,568,665.00","6,391.67","6,225.00","798,205.95 B",4.86%,"8,975.00","4,820.00",4.02%,250.00,698.29 B,15.56,6475,6450,6475,2040000000000,3190000,56470,6399,6225,6225,6500,6200,,,319191300,2042512485000,6235,-55628060000000,61.18,183568665,6391.67,6225,798205950000000,4.86,8975,4820,4.02,250,698290000000,15.56,250,4.02
BBHI,945,"20
(+2.16%)",940,945,"301,64M",3.23K,197,934,925,920,950,915,-,-,"323,000.00","301,636,000.00",925.00,102.95 B,50.24%,"115,980.00",936.67,925.00,"20,535.09 B",3.28%,"1,695.00",750.00,2.16%,20.00,(1.85 M),-6.66,945,940,945,301640000,3230,197,934,925,920,950,915,,,323000,301636000,925,102950000000,50.24,115980,936.67,925,20535090000000,3.28,1695,750,2.16,20,-1850000,-6.66,20,2.16
BBKP,54,"1
(+1.89%)",53,54,"1,89B",355.92K,981,53,53,53,54,52,-,-,"35,592,900.00","1,887,754,900.00",52.00,491.33 B,56.11%,"54,588,945.00",53.33,53.00,"10,145.93 B",5.88%,99.00,50.00,1.89%,1.00,(0.19 B),-1.32,54,53,54,1890000000,355920,981,53,53,53,54,52,,,35592900,1887754900,52,491330000000,56.11,54588945,53.33,53,10145930000000,5.88,99,50,1.89,1,-190000000,-1.32,1,1.89
BBNI,"3,580","80
(+2.29%)","3,600","3,610","369,08B",1.03M,"17,10K","3,581","3,500","3,500","3,640","3,470",-,-,"103,072,800.00","369,080,614,000.00","3,508.00","(3,263.85 B)",56.29%,"54,723,400.00","3,563.33","3,500.00","133,524.38 B",4.68%,"4,730.00","2,990.00",2.29%,80.00,(17.22 B),-25.61,3580,3600,3610,369080000000,1030000,17100,3581,3500,3500,3640,3470,,,103072800,369080614000,3508,-3263850000000,56.29,54723400,3563.33,3500,133524380000000,4.68,4730,2990,2.29,80,-17220000000,-25.61,80,2.29
BBRI,"2,970","110
(+3.85%)","2,980","2,990","1,30T",4.41M,"64,99K","2,950","2,860","2,860","3,000","2,840",-,-,"441,992,600.00","1,303,760,078,000.00","2,866.00","(44,402.71 B)",57.03%,"263,862,320.00","2,936.67","2,860.00","450,130.23 B",6.45%,"4,270.00","2,540.00",3.85%,110.00,267.69 B,30.99,2970,2980,2990,1300000000000,4410000,64990,2950,2860,2860,3000,2840,,,441992600,1303760078000,2866,-44402710000000,57.03,263862320,2936.67,2860,450130230000000,6.45,4270,2540,3.85,110,267690000000,30.99,110,3.85
BBTN,"1,260","50
(+4.13%)","1,255","1,260","69,46B",550.21K,"7,96K","1,263","1,210","1,230","1,285","1,230",-,-,"55,021,200.00","69,464,780,000.00","1,214.00",(736.64 B),58.76%,"22,607,300.00","1,258.33","1,210.00","17,683.40 B",6.78%,"1,505.00","1,040.00",4.00%,50.00,7.28 B,-25.24,1260,1255,1260,69460000000,550210,7960,1263,1210,1230,1285,1230,,,55021200,69464780000,1214,-736640000000,58.76,22607300,1258.33,1210,17683400000000,6.78,1505,1040,4,50,7280000000,-25.24,50,4.13
BBYB,262,"28
(+11.97%)",258,260,"41,48B",1.6M,"11,26K",258,234,234,270,234,-,-,"160,758,000.00","41,484,210,600.00",235.00,61.52 B,64.30%,"20,923,495.00",255.33,234.00,"3,497.83 B",20.18%,615.00,189.00,11.97%,28.00,(4.26 B),-29.38,262,258,260,41480000000,1600000,11260,258,234,234,270,234,,,160758000,41484210600,235,61520000000,64.3,20923495,255.33,234,3497830000000,20.18,615,189,11.97,28,-4260000000,-29.38,28,11.97
BCAP,50,"0
(0.00%)",-,50,"27,19M",5.43K,320,50,50,50,50,50,-,-,"543,700.00","27,185,000.00",50.00,(208.76 B),42.65%,"1,322,135.00",50.00,50.00,"2,130.94 B",-,84.00,50.00,-,-,-,-15.61,50,,50,27190000,5430,320,50,50,50,50,50,,,543700,27185000,50,-208760000000,42.65,1322135,50,50,2130940000000,,84,50,,,,-15.61,0,0
BCIC,127,"2
(+1.60%)",127,128,"793,49M",61.72K,843,129,125,125,133,121,-,-,"6,172,200.00","793,489,100.00",122.00,(105.72 B),54.37%,"6,305,340.00",127.00,125.00,"2,299.96 B",9.48%,242.00,78.00,1.60%,2.00,(28.67 M),-5.36,127,127,128,793490000,61720,843,129,125,125,133,121,,,6172200,793489100,122,-105720000000,54.37,6305340,127,125,2299960000000,9.48,242,78,1.6,2,-28670000,-5.36,2,1.6
BCIP,62,"1
(+1.64%)",61,62,"515,17M",84.88K,542,61,61,61,62,60,-,-,"8,488,000.00","515,173,200.00",61.00,(60.56 B),55.86%,"16,228,280.00",61.33,61.00,88.65 B,5.08%,131.00,50.00,1.64%,1.00,8.56 M,33.72,62,61,62,515170000,84880,542,61,61,61,62,60,,,8488000,515173200,61,-60560000000,55.86,16228280,61.33,61,88650000000,5.08,131,50,1.64,1,8560000,33.72,1,1.64
BDKR,146,"2
(-1.35%)",145,146,"1,38B",94.33K,"2,42K",146,148,148,149,144,-,-,"9,433,400.00","1,375,501,200.00",145.00,(24.07 B),53.88%,"15,491,335.00",146.33,148.00,689.86 B,-,191.00,116.00,-1.35%,-2.00,(0.35 B),32.80,146,145,146,1380000000,94330,2420,146,148,148,149,144,,,9433400,1375501200,145,-24070000000,53.88,15491335,146.33,148,689860000000,,191,116,-1.35,-2,-350000000,32.8,2,-1.35
BEEF,264,"4
(+1.54%)",264,266,"2,71B",104.37K,"1,32K",260,260,260,266,252,-,-,"10,437,000.00","2,712,276,000.00",262.00,(41.96 B),71.49%,"44,781,785.00",260.67,260.00,"2,143.75 B",-0.75%,920.00,118.00,1.54%,4.00,219.88 M,9.82,264,264,266,2710000000,104370,1320,260,260,260,266,252,,,10437000,2712276000,262,-41960000000,71.49,44781785,260.67,260,2143750000000,-0.75,920,118,1.54,4,219880000,9.82,4,1.54
BEER,79,"1
(-1.25%)",78,79,"168,31M",21.4K,264,79,80,80,80,78,-,-,"2,140,900.00","168,311,500.00",80.00,(0.84 B),42.98%,"4,391,840.00",79.00,80.00,316.00 B,-2.47%,290.00,63.00,-1.25%,-1.00,14.71 M,-47.47,79,78,79,168310000,21400,264,79,80,80,80,78,,,2140900,168311500,80,-840000000,42.98,4391840,79,80,316000000000,-2.47,290,63,-1.25,-1,14710000,-47.47,1,-1.25
BELL,113,"0
(0.00%)",113,114,"2,02B",177.55K,"1,88K",114,113,115,117,111,-,-,"17,755,900.00","2,019,611,000.00",113.00,(11.11 B),54.37%,"43,422,710.00",113.67,113.00,819.25 B,3.67%,270.00,50.00,-,-,67.19 M,20.32,113,113,114,2020000000,177550,1880,114,113,115,117,111,,,17755900,2019611000,113,-11110000000,54.37,43422710,113.67,113,819250000000,3.67,270,50,,,67190000,20.32,0,0
BESS,910,"20
(+2.25%)",900,910,"8,79M",98,37,897,890,925,925,875,-,-,"9,800.00","8,790,500.00",908.00,(6.04 B),41.90%,"146,155.00",903.33,890.00,"3,130.81 B",-2.67%,"2,220.00",775.00,2.25%,20.00,(0.41 M),-18.18,910,900,910,8790000,98,37,897,890,925,925,875,,,9800,8790500,908,-6040000000,41.9,146155,903.33,890,3130810000000,-2.67,2220,775,2.25,20,-410000,-18.18,20,2.25
BFIN,785,"0
(0.00%)",790,795,"11,92B",151.05K,"1,72K",789,785,770,815,765,-,-,"15,105,000.00","11,924,021,000.00",779.00,(449.02 B),57.75%,"17,204,980.00",788.33,785.00,"11,805.92 B",-1.88%,965.00,575.00,-,-,(4.93 B),-20.90,785,790,795,11920000000,151050,1720,789,785,770,815,765,,,15105000,11924021000,779,-449020000000,57.75,17204980,788.33,785,11805920000000,-1.88,965,575,,,-4930000000,-20.9,0,0
BGTG,113,"5
(+4.63%)",112,113,"1,99B",176.37K,"1,58K",113,108,108,116,106,-,-,"17,637,300.00","1,985,907,900.00",109.00,(321.97 B),56.70%,"3,980,540.00",111.67,108.00,"2,708.72 B",3.67%,159.00,76.00,4.63%,5.00,113.66 M,-23.88,113,112,113,1990000000,176370,1580,113,108,108,116,106,,,17637300,1985907900,109,-321970000000,56.7,3980540,111.67,108,2708720000000,3.67,159,76,4.63,5,113660000,-23.88,5,4.63
BHIT,25,"0
(0.00%)",-,-,"44,48M",17.24K,104,26,25,26,26,25,-,-,"1,724,400.00","44,475,800.00",25.00,132.11 B,39.08%,"5,059,820.00",25.33,25.00,"2,151.70 B",-3.85%,55.00,23.00,-,-,7.57 M,6.10,25,,,44480000,17240,104,26,25,26,26,25,,,1724400,44475800,25,132110000000,39.08,5059820,25.33,25,2.1517e+12,-3.85,55,23,,,7570000,6.1,0,0
BIPI,142,"1
(+0.71%)",142,143,"36,06B",2.55M,"8,05K",141,141,141,144,139,-,-,"255,167,900.00","36,055,259,700.00",141.00,"1,807.43 B",50.30%,"565,069,420.00",141.67,141.00,"9,046.85 B",13.60%,342.00,75.00,0.71%,1.00,(7.59 B),9.07,142,142,143,36060000000,2550000,8050,141,141,141,144,139,,,255167900,36055259700,141,1807430000000,50.3,565069420,141.67,141,9046850000000,13.6,342,75,0.71,1,-7590000000,9.07,1,0.71
BJBR,785,"15
(+1.95%)",785,790,"1,74B",22.24K,848,783,770,770,790,770,-,-,"2,224,900.00","1,741,324,000.00",772.00,"(1,194.27 B)",56.01%,"1,934,235.00",781.67,770.00,"8,259.33 B",1.95%,900.00,700.00,1.95%,15.00,(0.12 B),25.00,785,785,790,1740000000,22240,848,783,770,770,790,770,,,2224900,1741324000,772,-1194270000000,56.01,1934235,781.67,770,8259330000000,1.95,900,700,1.95,15,-120000000,25,15,1.95
BJTM,525,"10
(+1.94%)",520,530,"7,75B",147.96K,"2,12K",523,515,515,530,515,-,-,"14,796,900.00","7,745,564,000.00",515.00,(351.52 B),57.78%,"5,947,665.00",523.33,515.00,"7,883.14 B",2.94%,605.00,488.00,1.94%,10.00,33.19 M,18.54,525,520,530,7750000000,147960,2120,523,515,515,530,515,,,14796900,7745564000,515,-351520000000,57.78,5947665,523.33,515,7883140000000,2.94,605,488,1.94,10,33190000,18.54,10,1.94
BKSL,67,"2
(+3.08%)",67,68,"9,24B",1.39M,"4,12K",66,65,66,68,64,-,-,"139,915,400.00","9,237,102,800.00",65.00,449.74 B,51.91%,"145,626,600.00",66.33,65.00,"11,236.50 B",8.06%,193.00,52.00,3.08%,2.00,60.07 M,20.04,67,67,68,9240000000,1390000,4120,66,65,66,68,64,,,139915400,9237102800,65,449740000000,51.91,145626600,66.33,65,11236500000000,8.06,193,52,3.08,2,60070000,20.04,2,3.08
BLOG,354,"4
(-1.12%)",352,354,"150,51M",4.21K,167,357,358,370,370,348,-,-,"421,200.00","150,514,200.00",354.00,879.92 M,57.41%,"391,965.00",357.33,358.00,"1,196.34 B",1.14%,930.00,316.00,-1.12%,-4.00,7.32 M,3.92,354,352,354,150510000,4210,167,357,358,370,370,348,,,421200,150514200,354,879920000,57.41,391965,357.33,358,1196340000000,1.14,930,316,-1.12,-4,7320000,3.92,4,-1.12
BMRI,"4,480","170
(+3.94%)","4,480","4,490","1,17T",2.63M,"41,81K","4,431","4,310","4,310","4,490","4,270",-,-,"263,357,500.00","1,166,985,568,000.00","4,280.00","(11,388.97 B)",63.95%,"166,237,175.00","4,413.33","4,310.00","418,133.33 B",9.80%,"5,375.00","3,650.00",3.94%,170.00,374.84 B,24.32,4480,4480,4490,1170000000000,2630000,41810,4431,4310,4310,4490,4270,,,263357500,1166985568000,4280,-11388970000000,63.95,166237175,4413.33,4310,418133330000000,9.8,5375,3650,3.94,170,374840000000,24.32,170,3.94
BMSR,316,"22
(+7.48%)",316,318,"229,92M",7.15K,400,321,294,292,338,292,-,-,"715,400.00","229,918,800.00",302.00,(0.74 B),56.92%,"213,300.00",315.33,294.00,366.31 B,3.27%,386.00,232.00,7.48%,22.00,(6.07 M),9.60,316,316,318,229920000,7150,400,321,294,292,338,292,,,715400,229918800,302,-740000000,56.92,213300,315.33,294,366310000000,3.27,386,232,7.48,22,-6070000,9.6,22,7.48
BMTR,120,"2
(-1.64%)",117,118,"5,42B",456.82K,"2,02K",119,122,123,123,117,-,-,"45,682,800.00","5,423,538,800.00",117.00,(243.54 B),53.13%,"28,111,150.00",120.00,122.00,"1,990.08 B",7.14%,204.00,102.00,-1.64%,-2.00,(1.71 B),-20.37,120,117,118,5420000000,456820,2020,119,122,123,123,117,,,45682800,5423538800,117,-243540000000,53.13,28111150,120,122,1990080000000,7.14,204,102,-1.64,-2,-1710000000,-20.37,2,-1.64
BNBA,755,"10
(+1.34%)",755,760,"96,29M",1.26K,100,759,745,755,770,730,-,-,"126,900.00","96,285,500.00",747.00,2.01 B,54.02%,"772,170.00",751.67,745.00,"2,557.94 B",1.34%,"1,400.00",575.00,1.34%,10.00,-,22.55,755,755,760,96290000,1260,100,759,745,755,770,730,,,126900,96285500,747,2010000000,54.02,772170,751.67,745,2557940000000,1.34,1400,575,1.34,10,,22.55,10,1.34
BNBR,85,"1
(-1.16%)",85,86,"89,13B",10.43M,"21,30K",85,86,85,88,83,-,-,"1,043,480,400.00","89,125,609,900.00",88.00,"2,932.41 B",44.99%,"1,151,141,065.00",85.33,86.00,"20,168.19 B",-1.16%,224.00,21.00,-1.16%,-1.00,2.02 B,-28.42,85,85,86,89130000000,10430000,21300,85,86,85,88,83,,,1043480400,89125609900,88,2932410000000,44.99,1151141065,85.33,86,20168190000000,-1.16,224,21,-1.16,-1,2020000000,-28.42,1,-1.16
BNGA,"1,620","35
(+2.21%)","1,615","1,620","6,17B",38.32K,838,"1,610","1,585","1,590","1,625","1,585",-,-,"3,832,800.00","6,170,641,000.00","1,594.00","1,528.01 B",58.93%,"1,727,185.00","1,610.00","1,585.00","40,730.37 B",2.53%,"1,920.00","1,450.00",2.21%,35.00,(0.39 B),2.73,1620,1615,1620,6170000000,38320,838,1610,1585,1590,1625,1585,,,3832800,6170641000,1594,1528010000000,58.93,1727185,1610,1585,40730370000000,2.53,1920,1450,2.21,35,-390000000,2.73,35,2.21
BNII,190,"1
(+0.53%)",189,190,"648,94M",34.07K,468,190,189,188,193,187,-,-,"3,407,400.00","648,942,000.00",190.00,"2,516.23 B",51.73%,"1,120,640.00",190.00,189.00,"14,480.89 B",-,236.00,170.00,0.53%,1.00,(92.32 M),20.63,190,189,190,648940000,34070,468,190,189,188,193,187,,,3407400,648942000,190,2516230000000,51.73,1120640,190,189,14480890000000,,236,170,0.53,1,-92320000,20.63,1,0.53
BNLI,"2,390","50
(+2.14%)","2,380","2,390","254,86M",1.07K,164,"2,382","2,340","2,340","2,410","2,340",-,-,"107,000.00","254,864,000.00","2,350.00",224.59 B,40.08%,"75,410.00","2,380.00","2,340.00","86,473.45 B",-,"6,500.00","2,280.00",2.14%,50.00,(97.83 M),-40.11,2390,2380,2390,254860000,1070,164,2382,2340,2340,2410,2340,,,107000,254864000,2350,224590000000,40.08,75410,2380,2340,86473450000000,,6500,2280,2.14,50,-97830000,-40.11,50,2.14
BOAT,110,"0
(0.00%)",110,111,"109,99M",9.96K,175,110,110,111,112,109,-,-,"996,900.00","109,994,700.00",110.00,(2.22 B),50.07%,"3,186,430.00",110.33,110.00,385.18 B,4.76%,288.00,79.00,-,-,(12.31 M),1.14,110,110,111,109990000,9960,175,110,110,111,112,109,,,996900,109994700,110,-2220000000,50.07,3186430,110.33,110,385180000000,4.76,288,79,,,-12310000,1.14,0,0
BOBA,240,"2
(+0.84%)",238,240,"719,35M",29.2K,758,246,238,238,260,238,-,-,"2,920,300.00","719,352,600.00",246.00,(1.37 B),39.51%,"2,465,645.00",246.00,238.00,277.38 B,-4.76%,378.00,151.00,0.84%,2.00,2.39 M,-7.05,240,238,240,719350000,29200,758,246,238,238,260,238,,,2920300,719352600,246,-1370000000,39.51,2465645,246,238,277380000000,-4.76,378,151,0.84,2,2390000,-7.05,2,0.84
BPTR,74,"6
(+8.82%)",74,75,"9,34B",1.14M,"12,77K",81,68,71,88,70,-,-,"114,571,400.00","9,335,674,000.00",69.00,(4.09 B),62.89%,"6,318,195.00",77.33,68.00,261.52 B,10.45%,110.00,58.00,8.82%,6.00,(0.56 B),27.34,74,74,75,9340000000,1140000,12770,81,68,71,88,70,,,114571400,9335674000,69,-4090000000,62.89,6318195,77.33,68,261520000000,10.45,110,58,8.82,6,-560000000,27.34,6,8.82
BREN,"3,420","70
(-2.01%)","3,410","3,420","92,11B",268.84K,"6,60K","3,426","3,490","3,490","3,500","3,400",-,-,"26,884,600.00","92,114,581,000.00","3,390.00","2,784.67 B",47.40%,"41,585,160.00","3,440.00","3,490.00","457,548.87 B",7.89%,"10,725.00","2,300.00",-2.01%,-70.00,(19.84 B),-3.77,3420,3410,3420,92110000000,268840,6600,3426,3490,3490,3500,3400,,,26884600,92114581000,3390,2784670000000,47.4,41585160,3440,3490,457548870000000,7.89,10725,2300,-2.01,-70,-19840000000,-3.77,70,-2.01
BRENT,88.10,"0.53
(-0.62%)",-,-,-,3.08K,-,-,84.95,84.89,88.32,83.71,-,-,-,-,-,-,-,-,-,-,-,-,-,-,-,-,-,-,88.1,,,,3080,,,84.95,84.89,88.32,83.71,,,,,,,,,,,,,,,,,,,0.53,-0.62
BRIS,"1,910","170
(+9.77%)","1,890","1,895","120,68B",647.99K,"15,17K","1,862","1,740","1,740","1,910","1,740",-,-,"64,799,300.00","120,682,966,000.00","1,773.00","3,466.51 B",61.01%,"12,611,060.00","1,853.33","1,740.00","88,106.89 B",10.40%,"2,900.00","1,565.00",9.77%,170.00,29.14 B,23.48,1910,1890,1895,120680000000,647990,15170,1862,1740,1740,1910,1740,,,64799300,120682966000,1773,3466510000000,61.01,12611060,1853.33,1740,88106890000000,10.4,2900,1565,9.77,170,29140000000,23.48,170,9.77
BRMS,545,"15
(-2.68%)",540,545,"242,74B",4.44M,"21,63K",547,560,560,560,535,-,-,"444,103,900.00","242,740,134,000.00",553.00,"7,318.68 B",48.78%,"444,980,680.00",546.67,560.00,"77,272.30 B",7.92%,"1,385.00",420.00,-2.68%,-15.00,(30.95 B),-3.99,545,540,545,242740000000,4440000,21630,547,560,560,560,535,,,444103900,242740134000,553,7318680000000,48.78,444980680,546.67,560,77272300000000,7.92,1385,420,-2.68,-15,-30950000000,-3.99,15,-2.68
BRPT,"1,695","0
(0.00%)","1,690","1,695","239,23B",1.41M,"19,73K","1,692","1,695","1,700","1,715","1,660",-,-,"141,348,800.00","239,229,461,000.00","1,704.00","1,605.16 B",53.41%,"209,221,240.00","1,690.00","1,695.00","158,901.53 B",4.63%,"4,530.00","1,200.00",-,-,8.75 B,0.45,1695,1690,1695,239230000000,1410000,19730,1692,1695,1700,1715,1660,,,141348800,239229461000,1704,1605160000000,53.41,209221240,1690,1695,158901530000000,4.63,4530,1200,,,8750000000,0.45,0,0
BSBK,51,"1
(-1.92%)",51,52,"321,40M",63.04K,397,51,52,51,52,50,-,-,"6,304,700.00","321,401,000.00",52.00,(86.10 B),41.66%,"21,471,025.00",51.00,52.00,"1,279.69 B",-1.92%,109.00,50.00,-1.92%,-1.00,-,-20.15,51,51,52,321400000,63040,397,51,52,51,52,50,,,6304700,321401000,52,-86100000000,41.66,21471025,51,52,1279690000000,-1.92,109,50,-1.92,-1,,-20.15,1,-1.92
BSDE,575,"5
(+0.88%)",575,580,"10,85B",189.42K,"1,93K",573,570,570,585,560,-,-,"18,942,900.00","10,854,469,000.00",564.00,"1,553.17 B",48.72%,"14,536,640.00",573.33,570.00,"12,173.54 B",3.60%,"1,200.00",520.00,0.88%,5.00,(2.70 B),-35.90,575,575,580,10850000000,189420,1930,573,570,570,585,560,,,18942900,10854469000,564,1553170000000,48.72,14536640,573.33,570,12173540000000,3.6,1200,520,0.88,5,-2700000000,-35.9,5,0.88
BSML,515,"5
(-0.96%)",515,525,"7,24B",137.83K,657,525,520,525,535,515,-,-,"13,783,900.00","7,235,255,000.00",518.00,7.69 B,66.10%,"16,966,595.00",521.67,520.00,952.87 B,-1.90%,535.00,98.00,-0.96%,-5.00,(0.21 B),-2.89,515,515,525,7240000000,137830,657,525,520,525,535,515,,,13783900,7235255000,518,7690000000,66.1,16966595,521.67,520,952870000000,-1.9,535,98,-0.96,-5,-210000000,-2.89,5,-0.96
BTEK,11,"0
(0.00%)",-,-,"1,94B",1.77M,"1,31K",11,11,10,11,10,-,-,"177,883,500.00","1,943,613,700.00",10.00,(128.16 B),52.74%,"54,790,615.00",10.67,11.00,509.05 B,10.00%,42.00,5.00,-,-,(0.55 B),33.61,11,,,1940000000,1770000,1310,11,11,10,11,10,,,177883500,1943613700,10,-128160000000,52.74,54790615,10.67,11,509050000000,10,42,5,,,-550000000,33.61,0,0
BTPN,"2,240","20
(+0.90%)","2,200","2,240","25,50M",115,26,"2,217","2,220","2,220","2,250","2,180",-,-,"11,500.00","25,499,000.00","2,198.00",(357.32 B),61.03%,"7,305.00","2,223.33","2,220.00","23,846.92 B",3.23%,"2,530.00","1,900.00",0.90%,20.00,(11.00 M),5.81,2240,2200,2240,25500000,115,26,2217,2220,2220,2250,2180,,,11500,25499000,2198,-357320000000,61.03,7305,2223.33,2220,23846920000000,3.23,2530,1900,0.9,20,-11000000,5.81,20,0.9
BTPS,"1,040","15
(+1.46%)","1,040","1,045","1,99B",19.07K,981,"1,043","1,025","1,035","1,050","1,025",-,-,"1,907,800.00","1,989,718,000.00","1,026.00",241.31 B,62.44%,"2,235,670.00","1,038.33","1,025.00","8,011.85 B",3.48%,"1,630.00",835.00,1.46%,15.00,(0.40 B),-14.34,1040,1040,1045,1990000000,19070,981,1043,1025,1035,1050,1025,,,1907800,1989718000,1026,241310000000,62.44,2235670,1038.33,1025,8011850000000,3.48,1630,835,1.46,15,-400000000,-14.34,15,1.46
BUDI,206,"0
(0.00%)",206,208,"22,64M",1.09K,26,206,206,206,206,206,-,-,"109,900.00","22,639,400.00",206.00,81.34 B,51.64%,"143,805.00",206.00,206.00,926.79 B,-,268.00,199.00,-,-,(1.38 M),17.22,206,206,208,22640000,1090,26,206,206,206,206,206,,,109900,22639400,206,81340000000,51.64,143805,206,206,926790000000,,268,199,,,-1380000,17.22,0,0
BUKA,108,"1
(-0.92%)",107,108,"8,62B",791.27K,"2,14K",109,109,109,112,107,-,-,"79,127,000.00","8,616,752,400.00",104.00,"(2,681.75 B)",53.60%,"268,875,205.00",109.00,109.00,"11,142.05 B",11.34%,198.00,93.00,-0.92%,-1.00,(1.77 B),5.77,108,107,108,8620000000,791270,2140,109,109,109,112,107,,,79127000,8616752400,104,-2681750000000,53.6,268875205,109,109,11142050000000,11.34,198,93,-0.92,-1,-1770000000,5.77,1,-0.92
BULL,362,"6
(-1.63%)",362,364,"24,89B",685.69K,"4,94K",363,368,366,368,360,-,-,"68,569,400.00","24,893,477,400.00",360.00,"1,357.33 B",52.41%,"154,994,270.00",363.33,368.00,"5,608.99 B",16.03%,685.00,125.00,-1.63%,-6.00,(4.04 B),-25.52,362,362,364,24890000000,685690,4940,363,368,366,368,360,,,68569400,24893477400,360,1357330000000,52.41,154994270,363.33,368,5608990000000,16.03,685,125,-1.63,-6,-4040000000,-25.52,6,-1.63
BUMI,150,"1
(+0.67%)",149,151,"203,25B",13.58M,"23,18K",150,149,149,152,147,-,-,"1,358,919,500.00","203,252,165,500.00",149.00,"(16,198.88 B)",48.81%,"2,110,170,400.00",149.67,149.00,"55,700.31 B",5.63%,484.00,103.00,0.67%,1.00,16.19 B,-4.46,150,149,151,203250000000,13580000,23180,150,149,149,152,147,,,1358919500,203252165500,149,-16198880000000,48.81,2110170400,149.67,149,55700310000000,5.63,484,103,0.67,1,16190000000,-4.46,1,0.67
BUVA,955,"75
(+8.52%)",940,945,"531,71B",5.77M,"60,39K",920,880,880,960,870,-,-,"577,697,600.00","531,708,160,000.00",880.00,(186.83 B),60.53%,"198,417,590.00",928.33,880.00,"23,509.29 B",13.02%,"2,320.00",70.00,8.52%,75.00,21.48 B,-23.76,955,940,945,531710000000,5770000,60390,920,880,880,960,870,,,577697600,531708160000,880,-186830000000,60.53,198417590,928.33,880,23509290000000,13.02,2320,70,8.52,75,21480000000,-23.76,75,8.52
BVIC,93,"9
(+10.71%)",93,94,"8,76B",884.71K,"8,24K",99,84,84,107,84,-,-,"88,471,100.00","8,755,705,500.00",84.00,(55.45 B),64.75%,"5,796,445.00",94.67,84.00,"1,713.01 B",14.81%,185.00,69.00,10.71%,9.00,(0.27 B),46.04,93,93,94,8760000000,884710,8240,99,84,84,107,84,,,88471100,8755705500,84,-55450000000,64.75,5796445,94.67,84,1713010000000,14.81,185,69,10.71,9,-270000000,46.04,9,10.71
BWPT,77,"0
(0.00%)",76,77,"2,70B",354.29K,"1,56K",76,77,77,77,75,-,-,"35,429,800.00","2,697,062,400.00",76.00,(181.60 B),47.31%,"61,859,220.00",76.33,77.00,"2,427.45 B",2.67%,193.00,60.00,-,-,(0.10 B),-23.13,77,76,77,2700000000,354290,1560,76,77,77,77,75,,,35429800,2697062400,76,-181600000000,47.31,61859220,76.33,77,2427450000000,2.67,193,60,,,-100000000,-23.13,0,0
BYAN,"12,000","350
(+3.00%)","12,000","12,025","1,03B",851,226,"12,055","11,650","11,675","12,350","11,600",-,-,"85,100.00","1,025,902,500.00","11,585.00",(958.48 B),61.65%,"101,375.00","11,983.33","11,650.00","400,000.02 B",7.14%,"19,400.00","8,950.00",3.00%,350.00,57.03 M,7.64,12000,12000,12025,1030000000,851,226,12055,11650,11675,12350,11600,,,85100,1025902500,11585,-958480000000,61.65,101375,11983.33,11650,400000020000000,7.14,19400,8950,3,350,57030000,7.64,350,3
CAKK,137,"1
(+0.74%)",136,139,"4,63M",340,28,136,136,136,139,134,-,-,"34,000.00","4,628,800.00",136.00,1.74 B,48.04%,"72,230.00",136.67,136.00,164.85 B,-,232.00,119.00,0.74%,1.00,1.87 M,9.21,137,136,139,4630000,340,28,136,136,136,139,134,,,34000,4628800,136,1740000000,48.04,72230,136.67,136,164850000000,,232,119,0.74,1,1870000,9.21,1,0.74
CARS,84,"0
(0.00%)",83,84,"77,02M",9.18K,57,84,84,84,84,83,-,-,"918,800.00","77,023,600.00",84.00,(102.71 B),46.79%,"2,796,055.00",83.67,84.00,"1,260.00 B",2.44%,159.00,75.00,-,-,(63.72 M),-13.39,84,83,84,77020000,9180,57,84,84,84,84,83,,,918800,77023600,84,-102710000000,46.79,2796055,83.67,84,1260000000000,2.44,159,75,,,-63720000,-13.39,0,0
CBDK,"3,570","60
(+1.71%)","3,570","3,580","3,49B",9.83K,903,"3,550","3,510","3,510","3,600","3,470",-,-,"983,100.00","3,489,808,000.00","3,476.00",193.72 B,51.46%,"1,135,750.00","3,546.67","3,510.00","20,238.13 B",6.57%,"9,775.00","3,010.00",1.71%,60.00,36.45 M,8.15,3570,3570,3580,3490000000,9830,903,3550,3510,3510,3600,3470,,,983100,3489808000,3476,193720000000,51.46,1135750,3546.67,3510,20238130000000,6.57,9775,3010,1.71,60,36450000,8.15,60,1.71
CBRE,760,"70
(+10.14%)",755,760,"43,47B",576.76K,"11,70K",754,690,690,790,690,-,-,"57,676,600.00","43,472,620,000.00",709.00,(11.46 B),58.53%,"12,406,420.00",746.67,690.00,"3,448.93 B",10.14%,"2,000.00",63.00,10.14%,70.00,2.06 B,-0.82,760,755,760,43470000000,576760,11700,754,690,690,790,690,,,57676600,43472620000,709,-11460000000,58.53,12406420,746.67,690,3448930000000,10.14,2000,63,10.14,70,2060000000,-0.82,70,10.14
CDIA,625,"5
(-0.79%)",625,630,"21,59B",346.32K,"5,44K",623,630,630,635,610,-,-,"34,632,500.00","21,587,359,000.00",632.00,(742.18 B),43.24%,"31,072,620.00",623.33,630.00,"78,018.36 B",1.63%,"2,450.00",540.00,-0.79%,-5.00,1.65 B,4.11,625,625,630,21590000000,346320,5440,623,630,630,635,610,,,34632500,21587359000,632,-742180000000,43.24,31072620,623.33,630,78018360000000,1.63,2450,540,-0.79,-5,1650000000,4.11,5,-0.79
CENT,81,"5
(+6.58%)",80,81,"3,85B",484.96K,"3,03K",79,76,76,84,75,-,-,"48,496,200.00","3,851,309,800.00",76.00,(27.16 B),59.84%,"5,563,070.00",80.00,76.00,"2,525.86 B",9.46%,200.00,59.00,6.58%,5.00,(53.36 M),8.82,81,80,81,3850000000,484960,3030,79,76,76,84,75,,,48496200,3851309800,76,-27160000000,59.84,5563070,80,76,2525860000000,9.46,200,59,6.58,5,-53360000,8.82,5,6.58
CGAS,154,"1
(+0.65%)",154,155,"343,74M",22.35K,397,154,153,154,156,152,-,-,"2,235,100.00","343,737,700.00",151.00,32.84 B,54.20%,"2,831,490.00",154.00,153.00,272.81 B,6.21%,236.00,91.00,0.65%,1.00,10.36 M,-4.36,154,154,155,343740000,22350,397,154,153,154,156,152,,,2235100,343737700,151,32840000000,54.2,2831490,154,153,272810000000,6.21,236,91,0.65,1,10360000,-4.36,1,0.65
CHEK,134,"3
(+2.29%)",133,134,"257,99M",19.31K,381,134,131,131,136,130,-,-,"1,931,200.00","257,988,400.00",128.00,(10.53 B),63.22%,"2,321,120.00",133.33,131.00,551.19 B,8.06%,240.00,111.00,2.29%,3.00,(19.09 M),21.09,134,133,134,257990000,19310,381,134,131,131,136,130,,,1931200,257988400,128,-10530000000,63.22,2321120,133.33,131,551190000000,8.06,240,111,2.29,3,-19090000,21.09,3,2.29
CHEM,65,"1
(+1.56%)",64,65,"320,21M",49.87K,392,64,64,64,65,64,-,-,"4,987,000.00","320,211,700.00",64.00,(0.35 B),53.67%,"15,614,785.00",64.67,64.00,110.50 B,4.84%,170.00,52.00,1.56%,1.00,11.93 M,24.93,65,64,65,320210000,49870,392,64,64,64,65,64,,,4987000,320211700,64,-350000000,53.67,15614785,64.67,64,110500000000,4.84,170,52,1.56,1,11930000,24.93,1,1.56
CLEO,380,"0
(0.00%)",380,382,"1,28B",33.74K,432,380,380,380,382,378,-,-,"3,374,300.00","1,280,646,400.00",381.00,(11.86 B),50.15%,"3,473,250.00",380.00,380.00,"9,120.00 B",0.53%,635.00,320.00,-,-,(0.29 B),-0.27,380,380,382,1280000000,33740,432,380,380,380,382,378,,,3374300,1280646400,381,-11860000000,50.15,3473250,380,380,9120000000000,0.53,635,320,,,-290000000,-0.27,0,0
CMNP,"1,345","0
(0.00%)","1,340","1,350","54,59M",406,43,"1,345","1,345","1,345","1,355","1,340",-,-,"40,600.00","54,588,500.00","1,349.00",(963.11 B),46.69%,"85,455.00","1,346.67","1,345.00","9,006.60 B",-,"2,130.00","1,220.00",-,-,671.00 K,1.28,1345,1340,1350,54590000,406,43,1345,1345,1345,1355,1340,,,40600,54588500,1349,-963110000000,46.69,85455,1346.67,1345,9006600000000,,2130,1220,,,671000,1.28,0,0
CNMA,91,"1
(-1.09%)",90,91,"1,89B",207.66K,"1,34K",91,92,93,93,90,-,-,"20,766,200.00","1,892,160,900.00",92.00,31.29 B,52.76%,"24,457,320.00",91.33,92.00,"7,584.40 B",-2.15%,162.00,80.00,-1.09%,-1.00,(1.11 B),-22.29,91,90,91,1890000000,207660,1340,91,92,93,93,90,,,20766200,1892160900,92,31290000000,52.76,24457320,91.33,92,7584400000000,-2.15,162,80,-1.09,-1,-1110000000,-22.29,1,-1.09
COAL,20,"0
(0.00%)",-,-,"438,39M",219.19K,"1,65K",20,20,20,20,20,-,-,"21,919,400.00","438,388,000.00",21.00,7.10 B,16.48%,"14,341,380.00",20.00,20.00,125.00 B,-9.09%,148.00,20.00,-,-,9.50 M,0.27,20,,,438390000,219190,1650,20,20,20,20,20,,,21919400,438388000,21,7100000000,16.48,14341380,20,20,125000000000,-9.09,148,20,,,9500000,0.27,0,0
COCO,131,"2
(-1.50%)",130,131,"36,27B",2.76M,"13,55K",131,133,132,136,128,-,-,"276,009,600.00","36,265,488,600.00",138.00,(50.56 B),47.94%,"373,394,385.00",131.67,133.00,620.39 B,-21.56%,328.00,34.00,-1.50%,-2.00,2.36 B,-31.67,131,130,131,36270000000,2760000,13550,131,133,132,136,128,,,276009600,36265488600,138,-50560000000,47.94,373394385,131.67,133,620390000000,-21.56,328,34,-1.5,-2,2360000000,-31.67,2,-1.5
COIN,710,"30
(+4.41%)",715,720,"10,91B",154.05K,"4,05K",708,680,680,735,660,-,-,"15,405,500.00","10,910,415,000.00",678.00,(71.80 B),49.06%,"6,392,515.00",701.67,680.00,"10,441.18 B",10.94%,"4,800.00",474.00,4.41%,30.00,(38.70 M),-14.43,710,715,720,10910000000,154050,4050,708,680,680,735,660,,,15405500,10910415000,678,-71800000000,49.06,6392515,701.67,680,10441180000000,10.94,4800,474,4.41,30,-38700000,-14.43,30,4.41
CPIN,"3,120","10
(+0.32%)","3,110","3,120","32,34B",103.92K,"4,15K","3,112","3,110","3,110","3,130","3,090",-,-,"10,392,400.00","32,336,264,000.00","3,104.00",529.99 B,42.39%,"10,739,230.00","3,113.33","3,110.00","51,161.76 B",-,"5,375.00","3,010.00",0.32%,10.00,(3.18 B),-39.58,3120,3110,3120,32340000000,103920,4150,3112,3110,3110,3130,3090,,,10392400,32336264000,3104,529990000000,42.39,10739230,3113.33,3110,51161760000000,,5375,3010,0.32,10,-3180000000,-39.58,10,0.32
CPRO,50,"0
(0.00%)",-,50,"565,49M",113.09K,278,50,50,50,50,50,-,-,"11,309,800.00","565,490,000.00",50.00,(495.81 B),38.19%,"10,111,950.00",50.00,50.00,"2,978.62 B",-,88.00,50.00,-,-,2.10 M,-29.59,50,,50,565490000,113090,278,50,50,50,50,50,,,11309800,565490000,50,-495810000000,38.19,10111950,50,50,2978620000000,,88,50,,,2100000,-29.59,0,0
CSIS,177,"11
(+6.63%)",175,177,"1,71B",97.19K,"2,10K",176,166,165,186,163,-,-,"9,719,900.00","1,711,696,700.00",166.00,1.38 B,65.59%,"2,101,200.00",175.33,166.00,323.87 B,9.94%,620.00,62.00,6.63%,11.00,(52.58 M),-16.33,177,175,177,1710000000,97190,2100,176,166,165,186,163,,,9719900,1711696700,166,1380000000,65.59,2101200,175.33,166,323870000000,9.94,620,62,6.63,11,-52580000,-16.33,11,6.63
CSMI,76,"1
(-1.30%)",76,77,"1,22B",155.87K,"1,75K",78,77,77,80,76,-,-,"15,587,500.00","1,215,261,600.00",76.00,(20.84 M),50.10%,"33,692,700.00",77.33,77.00,62.02 B,-1.30%,850.00,57.00,-1.30%,-1.00,356.80 K,11.73,76,76,77,1220000000,155870,1750,78,77,77,80,76,,,15587500,1215261600,76,-20840000,50.1,33692700,77.33,77,62020000000,-1.3,850,57,-1.3,-1,356800,11.73,1,-1.3
CSRA,760,"10
(-1.30%)",755,760,"194,74M",2.58K,120,755,770,770,770,750,-,-,"258,000.00","194,739,000.00",764.00,5.12 B,46.60%,"144,290.00",760.00,770.00,"1,558.00 B",-,"1,085.00",640.00,-1.30%,-10.00,(1.45 M),-14.59,760,755,760,194740000,2580,120,755,770,770,770,750,,,258000,194739000,764,5120000000,46.6,144290,760,770,1558000000000,,1085,640,-1.3,-10,-1450000,-14.59,10,-1.3
CTRA,570,"5
(-0.87%)",570,575,"14,23B",249.86K,"2,19K",570,575,575,580,565,-,-,"24,986,500.00","14,234,036,000.00",561.00,374.21 B,49.67%,"19,821,360.00",571.67,575.00,"10,565.35 B",5.56%,"1,110.00",510.00,-0.87%,-5.00,1.27 B,-49.06,570,570,575,14230000000,249860,2190,570,575,575,580,565,,,24986500,14234036000,561,374210000000,49.67,19821360,571.67,575,10565350000000,5.56,1110,510,-0.87,-5,1270000000,-49.06,5,-0.87
CTTH,125,"12
(-8.76%)",125,126,"6,88B",533.77K,"6,72K",129,137,129,138,123,-,-,"53,377,300.00","6,877,820,200.00",119.00,(8.07 B),49.83%,"24,499,245.00",128.67,137.00,153.85 B,7.76%,250.00,24.00,-8.76%,-12.00,(13.62 M),38.47,125,125,126,6880000000,533770,6720,129,137,129,138,123,,,53377300,6877820200,119,-8070000000,49.83,24499245,128.67,137,153850000000,7.76,250,24,-8.76,-12,-13620000,38.47,12,-8.76
CUAN,630,"0
(0.00%)",630,635,"69,40B",1.1M,"11,26K",626,630,630,640,610,-,-,"110,870,200.00","69,399,365,000.00",631.00,"(1,280.01 B)",45.74%,"226,636,920.00",626.67,630.00,"70,823.91 B",1.61%,"2,890.00",464.00,-,-,(0.36 B),11.05,630,630,635,69400000000,1100000,11260,626,630,630,640,610,,,110870200,69399365000,631,-1280010000000,45.74,226636920,626.67,630,70823910000000,1.61,2890,464,,,-360000000,11.05,0,0
CYBR,590,"0
(0.00%)",570,575,"4,32B",75.25K,"1,26K",574,590,590,590,550,-,-,"7,525,400.00","4,322,765,000.00",591.00,214.17 B,45.64%,"22,617,830.00",576.67,590.00,"7,952.54 B",-2.48%,985.00,430.00,-,-,(0.23 B),-2.55,590,570,575,4320000000,75250,1260,574,590,590,590,550,,,7525400,4322765000,591,214170000000,45.64,22617830,576.67,590,7952540000000,-2.48,985,430,,,-230000000,-2.55,0,0
DAAZ,"1,515","5
(+0.33%)","1,500","1,515","88,20M",584,95,"1,510","1,510","1,535","1,535","1,500",-,-,"58,400.00","88,195,000.00","1,511.00",54.80 B,39.70%,"328,830.00","1,516.67","1,510.00","3,025.45 B",4.12%,"5,050.00","1,350.00",0.33%,5.00,1.33 M,-12.16,1515,1500,1515,88200000,584,95,1510,1510,1535,1535,1500,,,58400,88195000,1511,54800000000,39.7,328830,1516.67,1510,3025450000000,4.12,5050,1350,0.33,5,1330000,-12.16,5,0.33
DADA,50,"0
(0.00%)",-,50,"15,87M",3.17K,81,50,50,50,50,50,-,-,"317,300.00","15,865,000.00",50.00,(8.42 B),43.12%,"263,290.00",50.00,50.00,371.58 B,-,240.00,7.00,-,-,-,-4.35,50,,50,15870000,3170,81,50,50,50,50,50,,,317300,15865000,50,-8420000000,43.12,263290,50,50,371580000000,,240,7,,,,-4.35,0,0
DATA,"2,090","120
(-5.43%)","2,090","2,100","8,88B",41.77K,"2,38K","2,126","2,210","2,200","2,200","2,090",-,-,"4,177,300.00","8,882,176,000.00","2,306.00",(59.59 B),50.96%,"4,505,920.00","2,126.67","2,210.00","2,873.75 B",-9.52%,"6,775.00","1,175.00",-5.43%,-120.00,(0.73 B),-32.91,2090,2090,2100,8880000000,41770,2380,2126,2210,2200,2200,2090,,,4177300,8882176000,2306,-59590000000,50.96,4505920,2126.67,2210,2873750000000,-9.52,6775,1175,-5.43,-120,-730000000,-32.91,120,-5.43
DEFI,105,"0
(0.00%)",105,106,"7,34B",670.16K,"7,14K",110,105,105,114,104,-,-,"67,016,800.00","7,338,941,600.00",106.00,2.95 B,43.98%,"31,891,200.00",107.67,105.00,72.16 B,-,"1,210.00",50.00,-,-,40.80 M,13.99,105,105,106,7340000000,670160,7140,110,105,105,114,104,,,67016800,7338941600,106,2950000000,43.98,31891200,107.67,105,72160000000,,1210,50,,,40800000,13.99,0,0
DEPO,246,"2
(-0.81%)",244,246,"376,25M",14.97K,596,251,248,248,270,236,-,-,"1,497,600.00","376,254,400.00",246.00,91.55 B,48.82%,"1,414,665.00",250.67,248.00,"1,670.34 B",-1.60%,404.00,195.00,-0.81%,-2.00,(1.99 M),-12.40,246,244,246,376250000,14970,596,251,248,248,270,236,,,1497600,376254400,246,91550000000,48.82,1414665,250.67,248,1670340000000,-1.6,404,195,-0.81,-2,-1990000,-12.4,2,-0.81
DEWA,364,"6
(-1.62%)",366,368,"137,73B",3.74M,"17,44K",368,370,370,374,362,-,-,"374,535,100.00","137,726,416,800.00",360.00,(62.68 B),56.23%,"600,007,325.00",366.67,370.00,"14,810.23 B",7.69%,865.00,182.00,-1.62%,-6.00,(41.02 B),-25.57,364,366,368,137730000000,3740000,17440,368,370,370,374,362,,,374535100,137726416800,360,-62680000000,56.23,600007325,366.67,370,14810230000000,7.69,865,182,-1.62,-6,-41020000000,-25.57,6,-1.62
DGWG,282,"0
(0.00%)",280,282,"4,14B",147.4K,"2,31K",281,282,284,284,278,-,-,"14,740,900.00","4,135,200,000.00",280.00,8.81 B,39.72%,"11,299,065.00",281.33,282.00,"1,658.82 B",-,575.00,252.00,-,-,(0.28 B),-19.66,282,280,282,4140000000,147400,2310,281,282,284,284,278,,,14740900,4135200000,280,8810000000,39.72,11299065,281.33,282,1658820000000,,575,252,,,-280000000,-19.66,0,0
DKFT,665,"10
(-1.48%)",665,670,"761,58M",11.43K,389,666,675,675,675,660,-,-,"1,143,300.00","761,583,500.00",652.00,67.76 B,52.82%,"3,149,480.00",666.67,675.00,"3,749.43 B",6.40%,"1,055.00",500.00,-1.48%,-10.00,(0.16 B),3.67,665,665,670,761580000,11430,389,666,675,675,675,660,,,1143300,761583500,652,67760000000,52.82,3149480,666.67,675,3749430000000,6.4,1055,500,-1.48,-10,-160000000,3.67,10,-1.48
DMMX,161,"1
(-0.62%)",159,160,"7,06M",440,43,160,162,162,162,158,-,-,"44,000.00","7,056,400.00",161.00,(8.66 B),45.80%,"277,985.00",160.33,162.00,"1,238.46 B",-,466.00,126.00,-0.62%,-1.00,-,-15.75,161,159,160,7060000,440,43,160,162,162,162,158,,,44000,7056400,161,-8660000000,45.8,277985,160.33,162,1238460000000,,466,126,-0.62,-1,,-15.75,1,-0.62
DNAR,116,"4
(+3.57%)",116,117,"3,38B",280.06K,"3,92K",121,112,112,128,111,-,-,"28,006,400.00","3,383,219,300.00",113.00,2.89 B,54.02%,"2,023,120.00",118.33,112.00,"1,959.52 B",3.57%,302.00,87.00,3.57%,4.00,(7.21 M),20.05,116,116,117,3380000000,280060,3920,121,112,112,128,111,,,28006400,3383219300,113,2890000000,54.02,2023120,118.33,112,1959520000000,3.57,302,87,3.57,4,-7210000,20.05,4,3.57
DOID,208,"2
(-0.95%)",206,208,"289,76M",13.89K,210,209,210,212,212,206,-,-,"1,389,400.00","289,757,200.00",206.00,(430.50 B),54.60%,"2,123,035.00",208.67,210.00,"1,591.41 B",5.58%,418.00,190.00,-0.95%,-2.00,14.71 M,-3.02,208,206,208,289760000,13890,210,209,210,212,212,206,,,1389400,289757200,206,-430500000000,54.6,2123035,208.67,210,1591410000000,5.58,418,190,-0.95,-2,14710000,-3.02,2,-0.95
DOOH,141,"3
(-2.08%)",140,141,"4,57B",324.73K,"2,96K",141,144,144,144,137,-,-,"32,473,800.00","4,567,919,000.00",130.00,(34.94 B),61.08%,"21,311,465.00",140.67,144.00,"1,091.18 B",23.68%,360.00,86.00,-2.08%,-3.00,(0.70 B),-23.45,141,140,141,4570000000,324730,2960,141,144,144,144,137,,,32473800,4567919000,130,-34940000000,61.08,21311465,140.67,144,1.09118e+12,23.68,360,86,-2.08,-3,-700000000,-23.45,3,-2.08
DOSS,133,"1
(-0.75%)",131,133,"47,69M",3.64K,151,131,134,133,135,129,-,-,"364,000.00","47,692,300.00",134.00,15.73 B,47.85%,"350,900.00",132.33,134.00,229.43 B,2.31%,294.00,116.00,-0.75%,-1.00,465.50 K,-33.77,133,131,133,47690000,3640,151,131,134,133,135,129,,,364000,47692300,134,15730000000,47.85,350900,132.33,134,229430000000,2.31,294,116,-0.75,-1,465500,-33.77,1,-0.75
DPUM,99,"0
(0.00%)",99,100,"994,88M",98.69K,"1,29K",101,99,100,104,98,-,-,"9,869,600.00","994,879,900.00",98.00,3.49 B,39.94%,"27,281,760.00",100.33,99.00,413.32 B,2.06%,298.00,50.00,-,-,18.16 M,22.43,99,99,100,994880000,98690,1290,101,99,100,104,98,,,9869600,994879900,98,3490000000,39.94,27281760,100.33,99,413320000000,2.06,298,50,,,18160000,22.43,0,0
DSFI,80,"0
(0.00%)",79,80,"1,07B",134.69K,"1,17K",80,80,80,83,77,-,-,"13,469,300.00","1,074,207,400.00",76.00,4.38 B,63.20%,"12,429,810.00",80.00,80.00,148.57 B,14.29%,158.00,53.00,-,-,-,0.27,80,79,80,1070000000,134690,1170,80,80,80,83,77,,,13469300,1074207400,76,4380000000,63.2,12429810,80,80,148570000000,14.29,158,53,,,,0.27,0,0
DSNG,"1,215","0
(0.00%)","1,205","1,215","3,27B",27.01K,906,"1,211","1,215","1,220","1,220","1,195",-,-,"2,701,400.00","3,270,491,500.00","1,207.00",290.14 B,56.26%,"3,473,405.00","1,210.00","1,215.00","12,878.81 B",3.85%,"2,050.00",940.00,-,-,(1.74 B),-36.44,1215,1205,1215,3270000000,27010,906,1211,1215,1220,1220,1195,,,2701400,3270491500,1207,290140000000,56.26,3473405,1210,1215,12878810000000,3.85,2050,940,,,-1740000000,-36.44,0,0
DSSA,800,"10
(-1.23%)",795,800,"160,77B",2M,"15,85K",803,810,805,815,795,-,-,"200,294,400.00","160,770,057,000.00",807.00,"(1,872.24 B)",43.85%,"528,932,355.00",803.33,810.00,"154,110.46 B",1.91%,"4,720.00",410.00,-1.23%,-10.00,(19.40 B),-10.09,800,795,800,160770000000,2000000,15850,803,810,805,815,795,,,200294400,160770057000,807,-1872240000000,43.85,528932355,803.33,810,154110460000000,1.91,4720,410,-1.23,-10,-19400000000,-10.09,10,-1.23
DWGL,228,"2
(+0.88%)",226,228,"30,11M",1.34K,39,224,226,226,228,222,-,-,"134,400.00","30,106,200.00",224.00,4.76 B,46.64%,"587,425.00",226.00,226.00,"2,109.64 B",1.79%,"1,075.00",199.00,0.88%,2.00,-,-3.95,228,226,228,30110000,1340,39,224,226,226,228,222,,,134400,30106200,224,4760000000,46.64,587425,226,226,2.10964e+12,1.79,1075,199,0.88,2,,-3.95,2,0.88
ECII,157,"24
(+18.05%)",156,157,"5,14B",317.23K,"7,43K",162,133,134,177,130,-,-,"31,723,100.00","5,138,588,200.00",139.00,(86.78 B),65.64%,"4,521,100.00",154.67,133.00,209.49 B,14.60%,270.00,107.00,18.05%,24.00,(0.11 B),37.95,157,156,157,5140000000,317230,7430,162,133,134,177,130,,,31723100,5138588200,139,-86780000000,65.64,4521100,154.67,133,209490000000,14.6,270,107,18.05,24,-110000000,37.95,24,18.05
ELSA,640,"5
(-0.78%)",640,645,"8,14B",127K,"2,84K",641,645,645,650,635,-,-,"12,700,100.00","8,143,812,000.00",648.00,598.19 B,57.57%,"25,258,345.00",641.67,645.00,"4,671.04 B",-2.29%,"1,050.00",462.00,-0.78%,-5.00,1.21 B,-18.47,640,640,645,8140000000,127000,2840,641,645,645,650,635,,,12700100,8143812000,648,598190000000,57.57,25258345,641.67,645,4671040000000,-2.29,1050,462,-0.78,-5,1210000000,-18.47,5,-0.78
ELTY,23,"1
(+4.55%)",-,-,"1,24B",563.05K,797,22,22,22,23,22,-,-,"56,305,400.00","1,243,730,900.00",22.00,278.51 B,45.22%,"47,888,845.00",22.67,22.00,"1,001.00 B",4.55%,108.00,10.00,4.55%,1.00,-,-4.41,23,,,1240000000,563050,797,22,22,22,23,22,,,56305400,1243730900,22,278510000000,45.22,47888845,22.67,22,1001000000000,4.55,108,10,4.55,1,,-4.41,1,4.55
EMAS,"5,725","0
(0.00%)","5,725","5,750","31,64B",55.74K,"3,33K","5,676","5,725","5,725","5,825","5,600",-,-,"5,574,400.00","31,641,802,500.00","5,725.00","2,761.15 B",36.85%,"15,482,910.00","5,716.67","5,725.00","84,337.07 B",2.69%,"10,175.00","3,100.00",-,-,1.73 B,12.91,5725,5725,5750,31640000000,55740,3330,5676,5725,5725,5825,5600,,,5574400,31641802500,5725,2761150000000,36.85,15482910,5716.67,5725,84337070000000,2.69,10175,3100,,,1730000000,12.91,0,0
EMTK,535,"5
(+0.94%)",535,540,"22,93B",431.3K,"4,29K",532,530,525,545,520,-,-,"43,130,100.00","22,927,440,000.00",522.00,"2,462.66 B",48.14%,"37,677,270.00",533.33,530.00,"32,863.15 B",5.94%,"1,700.00",476.00,0.94%,5.00,(5.41 B),-19.69,535,535,540,22930000000,431300,4290,532,530,525,545,520,,,43130100,22927440000,522,2462660000000,48.14,37677270,533.33,530,32863150000000,5.94,1700,476,0.94,5,-5410000000,-19.69,5,0.94
ENRG,"1,365","30
(-2.15%)","1,365","1,370","48,70B",353.2K,"9,94K","1,379","1,395","1,395","1,410","1,355",-,-,"35,320,100.00","48,699,289,500.00","1,373.00","1,775.95 B",55.50%,"79,088,450.00","1,376.67","1,395.00","36,260.60 B",13.75%,"2,420.00",430.00,-2.15%,-30.00,(9.26 B),-24.48,1365,1365,1370,48700000000,353200,9940,1379,1395,1395,1410,1355,,,35320100,48699289500,1373,1775950000000,55.5,79088450,1376.67,1395,36260600000000,13.75,2420,430,-2.15,-30,-9260000000,-24.48,30,-2.15
ERAL,280,"2
(-0.71%)",280,282,"439,88M",15.59K,331,282,282,280,284,280,-,-,"1,559,100.00","439,884,000.00",283.00,5.66 B,50.18%,"1,849,105.00",281.33,282.00,"1,452.50 B",-1.41%,408.00,220.00,-0.71%,-2.00,(0.11 B),9.28,280,280,282,439880000,15590,331,282,282,280,284,280,,,1559100,439884000,283,5660000000,50.18,1849105,281.33,282,1452500000000,-1.41,408,220,-0.71,-2,-110000000,9.28,2,-0.71
ESIP,130,"1
(-0.76%)",129,130,"3,06B",234.65K,"2,31K",130,131,133,134,128,-,-,"23,465,500.00","3,056,702,400.00",128.00,(3.42 B),51.00%,"86,909,030.00",130.67,131.00,144.29 B,3.17%,238.00,28.00,-0.76%,-1.00,(0.79 B),-9.70,130,129,130,3060000000,234650,2310,130,131,133,134,128,,,23465500,3056702400,128,-3420000000,51,86909030,130.67,131,144290000000,3.17,238,28,-0.76,-1,-790000000,-9.7,1,-0.76
ESSA,595,"0
(0.00%)",590,595,"22,30B",375.97K,"5,04K",593,595,595,600,585,-,-,"37,597,300.00","22,301,752,500.00",594.00,(172.01 B),48.53%,"75,542,965.00",593.33,595.00,"10,250.05 B",3.48%,995.00,505.00,-,-,(5.84 B),-9.61,595,590,595,22300000000,375970,5040,593,595,595,600,585,,,37597300,22301752500,594,-172010000000,48.53,75542965,593.33,595,10250050000000,3.48,995,505,,,-5840000000,-9.61,0,0
ESTA,177,"5
(+2.91%)",176,177,"329,64M",18.05K,640,183,172,172,193,170,-,-,"1,805,500.00","329,641,600.00",175.00,4.66 B,46.67%,"1,592,760.00",180.00,172.00,429.29 B,-0.56%,474.00,58.00,2.91%,5.00,(16.62 M),28.48,177,176,177,329640000,18050,640,183,172,172,193,170,,,1805500,329641600,175,4660000000,46.67,1592760,180,172,429290000000,-0.56,474,58,2.91,5,-16620000,28.48,5,2.91
ESTI,129,"4
(-3.01%)",130,131,"279,95M",21.26K,392,132,133,133,136,128,-,-,"2,126,700.00","279,954,800.00",130.00,(27.58 B),50.84%,"7,232,145.00",131.00,133.00,259.96 B,1.57%,334.00,34.00,-3.01%,-4.00,-,8.32,129,130,131,279950000,21260,392,132,133,133,136,128,,,2126700,279954800,130,-27580000000,50.84,7232145,131,133,259960000000,1.57,334,34,-3.01,-4,,8.32,4,-3.01
EURO,"1,745","30
(-1.69%)","1,725","1,745","72,16M",415,60,"1,739","1,775","1,775","1,775","1,715",-,-,"41,500.00","72,164,000.00","1,730.00",439.06 B,49.11%,"255,450.00","1,745.00","1,775.00","4,447.70 B",2.95%,"3,750.00",154.00,-1.69%,-30.00,(19.48 M),-9.76,1745,1725,1745,72160000,415,60,1739,1775,1775,1775,1715,,,41500,72164000,1730,439060000000,49.11,255450,1745,1775,4447700000000,2.95,3750,154,-1.69,-30,-19480000,-9.76,30,-1.69
EXCL,"2,580","20
(-0.77%)","2,580","2,590","7,95B",30.73K,"1,88K","2,587","2,600","2,600","2,600","2,570",-,-,"3,073,000.00","7,950,499,000.00","2,548.00",77.62 B,51.82%,"4,206,320.00","2,583.33","2,600.00","46,955.65 B",5.31%,"4,550.00","2,310.00",-0.77%,-20.00,(2.97 B),11.35,2580,2580,2590,7950000000,30730,1880,2587,2600,2600,2600,2570,,,3073000,7950499000,2548,77620000000,51.82,4206320,2583.33,2600,46955650000000,5.31,4550,2310,-0.77,-20,-2970000000,11.35,20,-0.77
FAST,268,"0
(0.00%)",264,268,"141,96M",5.31K,304,267,268,268,272,264,-,-,"531,700.00","141,962,800.00",272.00,(148.77 B),54.46%,"1,372,070.00",268.00,268.00,"1,212.33 B",-5.63%,870.00,190.00,-,-,1.81 M,-42.43,268,264,268,141960000,5310,304,267,268,268,272,264,,,531700,141962800,272,-148770000000,54.46,1372070,268,268,1212330000000,-5.63,870,190,,,1810000,-42.43,0,0
FILM,"1,505","50
(-3.22%)","1,505","1,510","4,91B",32.17K,"4,16K","1,525","1,555","1,565","1,570","1,495",-,-,"3,217,000.00","4,906,733,000.00","1,582.00","4,308.72 B",37.97%,"3,073,935.00","1,523.33","1,555.00","16,385.79 B",-6.23%,"14,750.00","1,380.00",-3.22%,-50.00,(0.96 B),-56.28,1505,1505,1510,4910000000,32170,4160,1525,1555,1565,1570,1495,,,3217000,4906733000,1582,4.30872e+12,37.97,3073935,1523.33,1555,16385790000000,-6.23,14750,1380,-3.22,-50,-960000000,-56.28,50,-3.22
FIRE,108,"1
(-0.92%)",108,109,"405,61M",37.48K,411,108,109,109,110,107,-,-,"3,748,700.00","405,609,800.00",107.00,200.33 B,52.61%,"10,837,275.00",108.33,109.00,159.34 B,5.88%,288.00,70.00,-0.92%,-1.00,(0.32 M),-16.84,108,108,109,405610000,37480,411,108,109,109,110,107,,,3748700,405609800,107,200330000000,52.61,10837275,108.33,109,159340000000,5.88,288,70,-0.92,-1,-320000,-16.84,1,-0.92
FITT,372,"2
(+0.54%)",366,374,"128,30M",3.51K,61,365,370,374,378,358,-,-,"351,900.00","128,300,600.00",374.00,(12.31 B),47.33%,"376,550.00",369.33,370.00,485.19 B,-2.11%,"1,610.00",163.00,0.54%,2.00,-,-8.36,372,366,374,128300000,3510,61,365,370,374,378,358,,,351900,128300600,374,-12310000000,47.33,376550,369.33,370,485190000000,-2.11,1610,163,0.54,2,,-8.36,2,0.54
FLMC,57,"5
(+9.62%)",-,-,"221,04M",39.15K,174,56,52,56,57,56,-,-,"3,915,800.00","221,044,500.00",53.00,(0.63 B),26.81%,"2,435,690.00",56.67,52.00,44.53 B,9.62%,354.00,46.00,9.62%,5.00,-,-33.27,57,,,221040000,39150,174,56,52,56,57,56,,,3915800,221044500,53,-630000000,26.81,2435690,56.67,52,44530000000,9.62,354,46,9.62,5,,-33.27,5,9.62
FORE,610,"0
(0.00%)",605,610,"1,39B",22.97K,889,604,610,610,610,600,-,-,"2,297,700.00","1,387,942,500.00",612.00,(8.15 B),38.53%,"3,781,720.00",606.67,610.00,"5,440.20 B",-0.81%,"1,135.00",382.00,-,-,(0.48 B),-26.71,610,605,610,1390000000,22970,889,604,610,610,610,600,,,2297700,1387942500,612,-8150000000,38.53,3781720,606.67,610,5440200000000,-0.81,1135,382,,,-480000000,-26.71,0,0
FORU,"2,740","60
(-2.14%)","2,730","2,750","1,13B",4.12K,607,"2,732","2,800","2,840","2,850","2,670",-,-,"412,000.00","1,125,411,000.00","2,872.00",(9.61 B),46.68%,"862,860.00","2,753.33","2,800.00","1,274.71 B",-12.18%,"4,140.00",985.00,-2.14%,-60.00,30.48 M,-26.61,2740,2730,2750,1130000000,4120,607,2732,2800,2840,2850,2670,,,412000,1125411000,2872,-9610000000,46.68,862860,2753.33,2800,1274710000000,-12.18,4140,985,-2.14,-60,30480000,-26.61,60,-2.14
FUJI,210,"6
(-2.78%)",210,212,"142,68M",6.71K,190,213,216,220,220,208,-,-,"671,300.00","142,683,600.00",207.00,3.11 B,40.55%,"16,165,270.00",212.67,216.00,273.00 B,5.00%,"1,000.00",179.00,-2.78%,-6.00,(41.13 M),12.87,210,210,212,142680000,6710,190,213,216,220,220,208,,,671300,142683600,207,3110000000,40.55,16165270,212.67,216,273000000000,5,1000,179,-2.78,-6,-41130000,12.87,6,-2.78
FUTR,226,"2
(+0.89%)",224,226,"4,03B",177.99K,"1,44K",227,224,226,232,222,-,-,"17,799,400.00","4,032,919,200.00",224.00,(16.26 B),63.26%,"48,769,300.00",226.67,224.00,"1,499.63 B",2.73%,865.00,50.00,0.89%,2.00,419.60 M,28.47,226,224,226,4030000000,177990,1440,227,224,226,232,222,,,17799400,4032919200,224,-16260000000,63.26,48769300,226.67,224,1499630000000,2.73,865,50,0.89,2,419600000,28.47,2,0.89
FWCT,83,"1
(-1.19%)",83,84,"273,15M",32.77K,618,83,84,85,85,82,-,-,"3,277,500.00","273,150,200.00",86.00,4.06 B,53.31%,"13,741,530.00",83.33,84.00,162.93 B,-1.19%,178.00,59.00,-1.19%,-1.00,98.00 K,-16.72,83,83,84,273150000,32770,618,83,84,85,85,82,,,3277500,273150200,86,4060000000,53.31,13741530,83.33,84,162930000000,-1.19,178,59,-1.19,-1,98000,-16.72,1,-1.19
GEMS,"6,550","25
(-0.38%)","6,550","6,650","325,78M",496,154,"6,568","6,575","6,650","6,650","6,500",-,-,"49,600.00","325,775,000.00","6,500.00",1.09 B,53.34%,"69,700.00","6,566.67","6,575.00","38,529.41 B",2.75%,"9,650.00","5,625.00",-0.38%,-25.00,(0.22 B),-17.05,6550,6550,6650,325780000,496,154,6568,6575,6650,6650,6500,,,49600,325775000,6500,1090000000,53.34,69700,6566.67,6575,38529410000000,2.75,9650,5625,-0.38,-25,-220000000,-17.05,25,-0.38
GGRM,"17,000","25
(+0.15%)","16,975","17,000","24,02B",14.11K,"2,30K","17,014","16,975","16,950","17,350","16,750",-,-,"1,411,800.00","24,020,050,000.00","16,810.00","(3,447.61 B)",58.57%,"1,076,265.00","17,033.33","16,975.00","32,709.50 B",3.82%,"17,975.00","8,300.00",0.15%,25.00,7.78 B,-23.88,17000,16975,17000,24020000000,14110,2300,17014,16975,16950,17350,16750,,,1411800,24020050000,16810,-3447610000000,58.57,1076265,17033.33,16975,32709500000000,3.82,17975,8300,0.15,25,7780000000,-23.88,25,0.15
GIAA,54,"2
(+3.85%)",53,54,"3,43B",647.95K,"1,18K",53,52,52,54,52,-,-,"64,795,300.00","3,431,497,000.00",53.00,(600.65 B),49.46%,"32,349,615.00",53.33,52.00,"21,982.95 B",1.89%,126.00,50.00,3.85%,2.00,(0.29 B),17.46,54,53,54,3430000000,647950,1180,53,52,52,54,52,,,64795300,3431497000,53,-600650000000,49.46,32349615,53.33,52,21982950000000,1.89,126,50,3.85,2,-290000000,17.46,2,3.85
GJTL,"1,145","15
(+1.33%)","1,140","1,145","4,02B",35.22K,586,"1,141","1,130","1,135","1,150","1,125",-,-,"3,522,400.00","4,019,011,500.00","1,123.00",795.03 B,54.90%,"2,496,540.00","1,140.00","1,130.00","3,990.10 B",3.15%,"1,265.00",925.00,1.33%,15.00,(1.64 B),-25.52,1145,1140,1145,4020000000,35220,586,1141,1130,1135,1150,1125,,,3522400,4019011500,1123,795030000000,54.9,2496540,1140,1130,3990100000000,3.15,1265,925,1.33,15,-1640000000,-25.52,15,1.33
GLOB,155,"0
(0.00%)",-,-,-,-,-,-,155,155,155,155,-,-,-,-,155.00,3.58 B,77.80%,-,155.00,155.00,172.22 B,-,155.00,45.00,-,-,-,15.18,155,,,,,,,155,155,155,155,,,,,155,3580000000,77.8,,155,155,172220000000,,155,45,,,,15.18,0,0
GLVA,306,"10
(+3.38%)",302,306,"27,34M",908,62,301,296,302,308,298,-,-,"90,800.00","27,343,200.00",296.00,49.79 B,53.20%,"109,080.00",304.00,296.00,459.00 B,4.79%,575.00,272.00,3.38%,10.00,1.24 M,41.90,306,302,306,27340000,908,62,301,296,302,308,298,,,90800,27343200,296,49790000000,53.2,109080,304,296,459000000000,4.79,575,272,3.38,10,1240000,41.9,10,3.38
GMFI,53,"0
(0.00%)",52,53,"2,58B",492.05K,"2,80K",52,53,53,53,51,-,-,"49,205,500.00","2,578,019,900.00",52.00,(13.29 B),52.06%,"43,295,170.00",52.33,53.00,"6,616.27 B",1.92%,105.00,35.00,-,-,11.59 M,-12.03,53,52,53,2580000000,492050,2800,52,53,53,53,51,,,49205500,2578019900,52,-13290000000,52.06,43295170,52.33,53,6616270000000,1.92,105,35,,,11590000,-12.03,0,0
GOLF,170,"0
(0.00%)",169,170,"278,47M",16.5K,239,169,170,171,171,166,-,-,"1,650,500.00","278,474,000.00",169.00,2.18 B,53.71%,"1,674,940.00",169.00,170.00,"3,312.75 B",2.41%,454.00,119.00,-,-,4.10 M,-19.92,170,169,170,278470000,16500,239,169,170,171,171,166,,,1650500,278474000,169,2180000000,53.71,1674940,169,170,3312750000000,2.41,454,119,,,4100000,-19.92,0,0
GPRA,103,"4
(+4.04%)",101,103,"7,54B",737.1K,770,102,99,99,105,99,-,-,"73,710,800.00","7,541,102,900.00",100.00,11.90 B,54.70%,"34,503,550.00",102.33,99.00,440.50 B,1.98%,165.00,92.00,4.04%,4.00,666.70 M,33.47,103,101,103,7540000000,737100,770,102,99,99,105,99,,,73710800,7541102900,100,11900000000,54.7,34503550,102.33,99,440500000000,1.98,165,92,4.04,4,666700000,33.47,4,4.04
GPSO,330,"4
(+1.23%)",330,332,"4,42B",134.8K,"1,17K",328,326,328,332,320,-,-,"13,480,400.00","4,417,178,600.00",327.00,(13.35 B),46.16%,"23,669,090.00",327.33,326.00,220.02 B,16.20%,"1,395.00",248.00,1.23%,4.00,13.43 M,10.28,330,330,332,4420000000,134800,1170,328,326,328,332,320,,,13480400,4417178600,327,-13350000000,46.16,23669090,327.33,326,220020000000,16.2,1395,248,1.23,4,13430000,10.28,4,1.23
GSMF,82,"1
(-1.20%)",82,83,"586,81M",70.92K,659,83,83,84,86,81,-,-,"7,092,700.00","586,808,200.00",85.00,58.86 M,46.77%,"8,591,695.00",83.00,83.00,"1,267.46 B",-1.20%,167.00,52.00,-1.20%,-1.00,15.66 M,-9.56,82,82,83,586810000,70920,659,83,83,84,86,81,,,7092700,586808200,85,58860000,46.77,8591695,83,83,1267460000000,-1.2,167,52,-1.2,-1,15660000,-9.56,1,-1.2
GTRA,236,"14
(+6.31%)",234,236,"581,90M",24.07K,718,242,222,224,260,222,-,-,"2,407,400.00","581,895,800.00",211.00,10.71 B,69.90%,"479,045.00",239.33,222.00,447.07 B,27.57%,446.00,128.00,6.31%,14.00,(0.15 B),36.98,236,234,236,581900000,24070,718,242,222,224,260,222,,,2407400,581895800,211,10710000000,69.9,479045,239.33,222,447070000000,27.57,446,128,6.31,14,-150000000,36.98,14,6.31
GTSI,141,"2
(+1.44%)",140,141,"3,09B",221.6K,"5,77K",139,139,139,143,136,-,-,"22,160,900.00","3,089,454,200.00",137.00,(75.55 B),52.45%,"22,275,870.00",140.00,139.00,"2,230.50 B",14.63%,520.00,38.00,1.44%,2.00,(0.47 B),-2.32,141,140,141,3090000000,221600,5770,139,139,139,143,136,,,22160900,3089454200,137,-75550000000,52.45,22275870,140,139,2230500000000,14.63,520,38,1.44,2,-470000000,-2.32,2,1.44
GULA,720,"40
(+5.88%)",715,720,"37,86B",538.15K,"4,73K",704,680,680,725,680,-,-,"53,815,400.00","37,862,447,000.00",663.00,2.88 B,68.92%,"31,091,885.00",708.33,680.00,770.66 B,13.39%,725.00,232.00,5.88%,40.00,(3.88 B),-7.78,720,715,720,37860000000,538150,4730,704,680,680,725,680,,,53815400,37862447000,663,2880000000,68.92,31091885,708.33,680,770660000000,13.39,725,232,5.88,40,-3880000000,-7.78,40,5.88
GZCO,150,"0
(0.00%)",150,151,"591,35M",39.46K,640,150,150,151,152,148,-,-,"3,946,700.00","591,351,100.00",147.00,32.95 B,53.32%,"5,459,200.00",150.00,150.00,900.00 B,5.63%,450.00,98.00,-,-,15.93 M,7.89,150,150,151,591350000,39460,640,150,150,151,152,148,,,3946700,591351100,147,32950000000,53.32,5459200,150,150,900000000000,5.63,450,98,,,15930000,7.89,0,0
HEAL,885,"25
(-2.75%)",885,890,"5,38B",60.78K,"1,24K",886,910,910,910,875,-,-,"6,078,700.00","5,383,774,000.00",896.00,"(1,853.92 B)",48.01%,"5,605,150.00",890.00,910.00,"13,598.87 B",-2.21%,"1,775.00",760.00,-2.75%,-25.00,(4.30 B),-35.59,885,885,890,5380000000,60780,1240,886,910,910,910,875,,,6078700,5383774000,896,-1853920000000,48.01,5605150,890,910,13598870000000,-2.21,1775,760,-2.75,-25,-4300000000,-35.59,25,-2.75
HELI,180,"1
(-0.55%)",179,180,"111,54M",6.17K,52,181,181,181,182,179,-,-,"617,600.00","111,540,400.00",182.00,7.12 B,48.55%,"581,785.00",180.33,181.00,149.92 B,-1.10%,302.00,128.00,-0.55%,-1.00,-,-4.14,180,179,180,111540000,6170,52,181,181,181,182,179,,,617600,111540400,182,7120000000,48.55,581785,180.33,181,149920000000,-1.1,302,128,-0.55,-1,,-4.14,1,-0.55
HEXA,"4,510","70
(+1.58%)","4,490","4,500","751,64M",1.67K,319,"4,487","4,440","4,440","4,510","4,440",-,-,"167,500.00","751,642,000.00","4,418.00",(129.35 B),61.15%,"223,830.00","4,486.67","4,440.00","3,788.40 B",3.68%,"5,700.00","4,000.00",1.58%,70.00,(7.13 M),-7.69,4510,4490,4500,751640000,1670,319,4487,4440,4440,4510,4440,,,167500,751642000,4418,-129350000000,61.15,223830,4486.67,4440,3788400000000,3.68,5700,4000,1.58,70,-7130000,-7.69,70,1.58
HGII,122,"0
(0.00%)",122,123,"26,72M",2.19K,56,122,122,122,123,121,-,-,"219,000.00","26,721,100.00",122.00,(0.51 B),44.21%,"357,515.00",122.00,122.00,793.00 B,-1.61%,210.00,109.00,-,-,(24.40 K),12.72,122,122,123,26720000,2190,56,122,122,122,123,121,,,219000,26721100,122,-510000000,44.21,357515,122,122,793000000000,-1.61,210,109,,,-24400,12.72,0,0
HMSP,690,"0
(0.00%)",690,695,"5,30B",76.64K,933,691,690,690,700,685,-,-,"7,664,900.00","5,298,167,500.00",688.00,"(4,411.38 B)",56.30%,"13,142,510.00",691.67,690.00,"80,259.47 B",0.73%,"1,000.00",510.00,-,-,192.06 M,0.57,690,690,695,5300000000,76640,933,691,690,690,700,685,,,7664900,5298167500,688,-4411380000000,56.3,13142510,691.67,690,80259470000000,0.73,1000,510,,,192060000,0.57,0,0
HOKI,54,"0
(0.00%)",53,54,"763,80M",142.41K,"10,01K",54,54,54,55,53,-,-,"14,241,300.00","763,801,700.00",53.00,(28.34 B),50.14%,"19,826,440.00",54.00,54.00,522.60 B,3.85%,107.00,50.00,-,-,18.96 M,-28.06,54,53,54,763800000,142410,10010,54,54,54,55,53,,,14241300,763801700,53,-28340000000,50.14,19826440,54,54,522600000000,3.85,107,50,,,18960000,-28.06,0,0
HOMI,179,"2
(-1.10%)",179,180,"238,41M",13.29K,109,179,181,180,181,178,-,-,"1,329,000.00","238,412,200.00",181.00,17.96 B,38.40%,"2,367,095.00",179.33,181.00,281.93 B,-2.72%,900.00,159.00,-1.10%,-2.00,-,0.63,179,179,180,238410000,13290,109,179,181,180,181,178,,,1329000,238412200,181,17960000000,38.4,2367095,179.33,181,281930000000,-2.72,900,159,-1.1,-2,,0.63,2,-1.1
HOPE,216,"35
(+19.34%)",214,216,"21,86B",1.06M,"9,73K",206,181,183,224,179,-,-,"106,224,400.00","21,855,668,000.00",177.00,(9.36 B),81.21%,"21,466,285.00",206.33,181.00,460.16 B,35.00%,420.00,64.00,19.34%,35.00,(2.45 B),-2.81,216,214,216,21860000000,1060000,9730,206,181,183,224,179,,,106224400,21855668000,177,-9360000000,81.21,21466285,206.33,181,460160000000,35,420,64,19.34,35,-2450000000,-2.81,35,19.34
HRTA,"1,910","50
(-2.55%)","1,900","1,905","25,06B",131.45K,"8,46K","1,906","1,960","1,950","1,950","1,880",-,-,"13,145,600.00","25,061,962,000.00","1,863.00",(330.84 B),48.70%,"10,889,605.00","1,913.33","1,960.00","8,796.05 B",7.00%,"3,440.00",580.00,-2.55%,-50.00,(11.86 B),-7.51,1910,1900,1905,25060000000,131450,8460,1906,1960,1950,1950,1880,,,13145600,25061962000,1863,-330840000000,48.7,10889605,1913.33,1960,8.79605e+12,7,3440,580,-2.55,-50,-11860000000,-7.51,50,-2.55
HRUM,830,"5
(+0.61%)",830,835,"4,43B",53.63K,"1,37K",826,825,825,835,810,-,-,"5,363,600.00","4,432,900,500.00",800.00,(893.97 B),60.57%,"5,748,555.00",825.00,825.00,"11,220.02 B",10.67%,"1,375.00",595.00,0.61%,5.00,(0.54 B),29.53,830,830,835,4430000000,53630,1370,826,825,825,835,810,,,5363600,4432900500,800,-893970000000,60.57,5748555,825,825,11220020000000,10.67,1375,595,0.61,5,-540000000,29.53,5,0.61
HUMI,126,"0
(0.00%)",126,127,"3,19B",252.53K,"2,04K",126,126,128,128,123,-,-,"25,253,400.00","3,188,147,700.00",124.00,(12.44 B),51.82%,"30,150,795.00",125.67,126.00,"2,275.97 B",11.50%,390.00,57.00,-,-,(0.47 B),13.48,126,126,127,3190000000,252530,2040,126,126,128,128,123,,,25253400,3188147700,124,-12440000000,51.82,30150795,125.67,126,2275970000000,11.5,390,57,,,-470000000,13.48,0,0
HYGN,154,"1
(+0.65%)",152,154,"35,61M",2.32K,79,153,153,153,155,151,-,-,"232,800.00","35,613,500.00",153.00,7.71 B,63.06%,"811,810.00",153.33,153.00,388.85 B,2.67%,197.00,122.00,0.65%,1.00,-,-8.03,154,152,154,35610000,2320,79,153,153,153,155,151,,,232800,35613500,153,7710000000,63.06,811810,153.33,153,388850000000,2.67,197,122,0.65,1,,-8.03,1,0.65
IATA,57,"0
(0.00%)",56,57,"9,39B",1.65M,"2,13K",57,57,58,58,55,-,-,"165,495,200.00","9,387,750,300.00",58.00,(336.00 B),35.15%,"63,251,160.00",56.67,57.00,"1,782.72 B",-8.06%,198.00,48.00,-,-,(0.66 B),-33.82,57,56,57,9390000000,1650000,2130,57,57,58,58,55,,,165495200,9387750300,58,-336000000000,35.15,63251160,56.67,57,1782720000000,-8.06,198,48,,,-660000000,-33.82,0,0
IBOS,68,"0
(0.00%)",68,69,"177,36M",26.13K,190,68,68,69,69,67,-,-,"2,613,100.00","177,364,400.00",68.00,(20.39 B),37.77%,"4,053,555.00",68.00,68.00,548.47 B,-2.86%,200.00,25.00,-,-,(5.22 M),-6.02,68,68,69,177360000,26130,190,68,68,69,69,67,,,2613100,177364400,68,-20390000000,37.77,4053555,68,68,548470000000,-2.86,200,25,,,-5220000,-6.02,0,0
IBST,"8,475","0
(0.00%)",-,-,-,-,-,-,"8,475","8,475","8,475","8,475",-,-,-,-,"8,475.00",18.87 B,90.42%,-,"8,475.00","8,475.00","11,448.92 B",-,"8,475.00","4,210.00",-,-,-,5.38,8475,,,,,,,8475,8475,8475,8475,,,,,8475,18870000000,90.42,,8475,8475,11448920000000,,8475,4210,,,,5.38,0,0
ICBP,"6,850","150
(+2.24%)","6,800","6,850","25,60B",37.79K,"3,92K","6,772","6,700","6,775","6,850","6,625",-,-,"3,779,700.00","25,597,067,500.00","6,685.00","(1,478.15 B)",56.01%,"2,968,630.00","6,775.00","6,700.00","79,884.07 B",3.01%,"10,575.00","5,925.00",2.24%,150.00,11.82 B,13.43,6850,6800,6850,25600000000,37790,3920,6772,6700,6775,6850,6625,,,3779700,25597067500,6685,-1478150000000,56.01,2968630,6775,6700,79884070000000,3.01,10575,5925,2.24,150,11820000000,13.43,150,2.24
IHSG,"6,175.54","67.33
(+1.10%)",-,-,"13,12T",218.22M,"2,01M",-,"6,108.21","6,112.84","6,192.66","6,079.32",-,-,-,-,-,"(66,556.05 B)",53.98%,-,"6,108.21","6,108.21",-,-,-,-,-,-,725.11 B,-,6175.54,,,13120000000000,218220000,2010000,,6108.21,6112.84,6192.66,6079.32,,,,,,-66556050000000,53.98,,6108.21,6108.21,,,,,,,725110000000,,67.33,1.1
IKAN,85,"1
(-1.16%)",84,86,"488,89M",57.93K,797,84,86,86,87,82,-,-,"5,793,700.00","488,888,800.00",84.00,(0.17 B),62.01%,"28,867,015.00",84.67,86.00,70.83 B,8.97%,187.00,60.00,-1.16%,-1.00,11.62 M,-32.81,85,84,86,488890000,57930,797,84,86,86,87,82,,,5793700,488888800,84,-170000000,62.01,28867015,84.67,86,70830000000,8.97,187,60,-1.16,-1,11620000,-32.81,1,-1.16
IMPC,"1,445","5
(-0.34%)","1,435","1,445","8,76B",61.32K,"2,20K","1,429","1,450","1,460","1,460","1,400",-,-,"6,132,900.00","8,762,359,000.00","1,441.00",(334.77 B),41.67%,"12,174,915.00","1,435.00","1,450.00","79,340.62 B",1.76%,"4,170.00",298.00,-0.34%,-5.00,(3.20 B),22.90,1445,1435,1445,8760000000,61320,2200,1429,1450,1460,1460,1400,,,6132900,8762359000,1441,-334770000000,41.67,12174915,1435,1450,79340620000000,1.76,4170,298,-0.34,-5,-3200000000,22.9,5,-0.34
INCO,"4,910","50
(-1.01%)","4,880","4,890","44,83B",91.52K,"4,57K","4,899","4,960","4,950","4,950","4,870",-,-,"9,152,000.00","44,832,932,000.00","4,894.00","2,126.72 B",53.60%,"11,994,345.00","4,910.00","4,960.00","51,750.34 B",4.69%,"7,900.00","3,320.00",-1.01%,-50.00,(17.29 B),-36.40,4910,4880,4890,44830000000,91520,4570,4899,4960,4950,4950,4870,,,9152000,44832932000,4894,2.12672e+12,53.6,11994345,4910,4960,51750340000000,4.69,7900,3320,-1.01,-50,-17290000000,-36.4,50,-1.01
INDF,"6,700","50
(-0.74%)","6,700","6,725","29,06B",43.32K,"2,40K","6,708","6,750","6,750","6,750","6,675",-,-,"4,332,200.00","29,060,007,500.00","6,745.00","1,901.75 B",50.23%,"5,736,635.00","6,708.33","6,750.00","58,828.86 B",-1.11%,"8,825.00","5,850.00",-0.74%,-50.00,(0.97 B),-17.47,6700,6700,6725,29060000000,43320,2400,6708,6750,6750,6750,6675,,,4332200,29060007500,6745,1901750000000,50.23,5736635,6708.33,6750,58828860000000,-1.11,8825,5850,-0.74,-50,-970000000,-17.47,50,-0.74
INDY,"2,430","70
(-2.80%)","2,430","2,440","48,27B",198.49K,"6,65K","2,432","2,500","2,500","2,520","2,370",-,-,"19,849,600.00","48,272,589,000.00","2,298.00",865.41 B,60.46%,"15,970,170.00","2,440.00","2,500.00","12,660.77 B",20.90%,"4,370.00","1,250.00",-2.80%,-70.00,(20.62 B),-36.12,2430,2430,2440,48270000000,198490,6650,2432,2500,2500,2520,2370,,,19849600,48272589000,2298,865410000000,60.46,15970170,2440,2500,12660770000000,20.9,4370,1250,-2.8,-70,-20620000000,-36.12,70,-2.8
INET,216,"8
(-3.57%)",214,216,"29,42B",1.35M,"10,55K",218,224,222,222,214,-,-,"135,213,700.00","29,417,334,600.00",215.00,(256.50 B),53.37%,"129,309,740.00",217.33,224.00,"4,832.89 B",11.34%,710.00,121.00,-3.57%,-8.00,(6.63 B),-2.41,216,214,216,29420000000,1350000,10550,218,224,222,222,214,,,135213700,29417334600,215,-256500000000,53.37,129309740,217.33,224,4832890000000,11.34,710,121,-3.57,-8,-6630000000,-2.41,8,-3.57
INKP,"7,625","175
(-2.24%)","7,625","7,650","30,44B",39.42K,"2,42K","7,720","7,800","7,825","7,850","7,625",-,-,"3,942,600.00","30,435,795,000.00","7,535.00","2,253.58 B",53.59%,"3,730,425.00","7,700.00","7,800.00","41,716.24 B",4.10%,"12,750.00","5,700.00",-2.24%,-175.00,(14.71 B),-17.24,7625,7625,7650,30440000000,39420,2420,7720,7800,7825,7850,7625,,,3942600,30435795000,7535,2253580000000,53.59,3730425,7700,7800,41716240000000,4.1,12750,5700,-2.24,-175,-14710000000,-17.24,175,-2.24
INOV,129,"3
(+2.38%)",129,130,"808,29M",61.96K,773,130,126,127,135,125,-,-,"6,196,900.00","808,288,600.00",124.00,(13.60 B),58.08%,"5,753,310.00",129.67,126.00,233.26 B,4.88%,248.00,83.00,2.38%,3.00,(0.44 M),5.07,129,129,130,808290000,61960,773,130,126,127,135,125,,,6196900,808288600,124,-13600000000,58.08,5753310,129.67,126,233260000000,4.88,248,83,2.38,3,-440000,5.07,3,2.38
INPC,145,"11
(+8.21%)",145,146,"8,89B",604.12K,"6,37K",147,134,136,156,135,-,-,"60,412,800.00","8,888,631,500.00",135.00,37.04 B,62.36%,"5,059,910.00",145.33,134.00,"2,932.39 B",11.54%,318.00,102.00,8.21%,11.00,(93.76 M),6.60,145,145,146,8890000000,604120,6370,147,134,136,156,135,,,60412800,8888631500,135,37040000000,62.36,5059910,145.33,134,2932390000000,11.54,318,102,8.21,11,-93760000,6.6,11,8.21
INPS,625,"35
(+5.93%)",-,-,"177,48M",2.84K,59,624,590,610,625,610,-,-,"284,400.00","177,477,000.00",599.00,559.67 M,50.47%,"156,335.00",620.00,590.00,406.25 B,5.93%,890.00,103.00,5.93%,35.00,-,27.98,625,,,177480000,2840,59,624,590,610,625,610,,,284400,177477000,599,559670000,50.47,156335,620,590,406250000000,5.93,890,103,5.93,35,,27.98,35,5.93
INTP,"4,700","0
(0.00%)","4,700","4,710","5,32B",11.36K,846,"4,677","4,700","4,720","4,720","4,620",-,-,"1,136,700.00","5,316,269,000.00","4,606.00","(2,835.62 B)",64.44%,"1,672,665.00","4,680.00","4,700.00","16,523.33 B",4.68%,"7,475.00","3,880.00",-,-,(1.50 B),-6.67,4700,4700,4710,5320000000,11360,846,4677,4700,4720,4720,4620,,,1136700,5316269000,4606,-2835620000000,64.44,1672665,4680,4700,1.652333e+13,4.68,7475,3880,,,-1500000000,-6.67,0,0
IOTF,52,"1
(-1.89%)",52,53,"231,12M",44.29K,282,52,53,53,53,52,-,-,"4,429,700.00","231,118,400.00",53.00,4.02 B,44.72%,"14,273,515.00",52.33,53.00,275.10 B,-1.89%,130.00,50.00,-1.89%,-1.00,-,-4.93,52,52,53,231120000,44290,282,52,53,53,53,52,,,4429700,231118400,53,4020000000,44.72,14273515,52.33,53,275100000000,-1.89,130,50,-1.89,-1,,-4.93,1,-1.89
IPCC,"1,230","10
(-0.81%)","1,230","1,235","460,98M",3.73K,311,"1,236","1,240","1,235","1,245","1,225",-,-,"373,100.00","460,978,000.00","1,231.00",(24.91 B),57.57%,"628,480.00","1,233.33","1,240.00","2,236.61 B",2.07%,"1,450.00","1,015.00",-0.81%,-10.00,(20.34 M),-15.15,1230,1230,1235,460980000,3730,311,1236,1240,1235,1245,1225,,,373100,460978000,1231,-24910000000,57.57,628480,1233.33,1240,2236610000000,2.07,1450,1015,-0.81,-10,-20340000,-15.15,10,-0.81
IPOL,106,"0
(0.00%)",106,107,"44,66M",4.21K,98,106,106,106,108,105,-,-,"421,900.00","44,662,300.00",106.00,(18.21 B),46.13%,"310,980.00",106.33,106.00,683.00 B,-0.93%,176.00,97.00,-,-,-,-22.77,106,106,107,44660000,4210,98,106,106,106,108,105,,,421900,44662300,106,-18210000000,46.13,310980,106.33,106,683000000000,-0.93,176,97,,,,-22.77,0,0
IRRA,372,"4
(+1.09%)",370,372,"350,20M",9.51K,205,368,368,370,372,366,-,-,"951,400.00","350,197,600.00",372.00,11.50 B,49.53%,"1,076,555.00",370.00,368.00,595.20 B,-1.59%,615.00,322.00,1.09%,4.00,(1.00 K),-19.39,372,370,372,350200000,9510,205,368,368,370,372,366,,,951400,350197600,372,11500000000,49.53,1076555,370,368,595200000000,-1.59,615,322,1.09,4,-1000,-19.39,4,1.09
IRSX,284,"10
(-3.40%)",284,286,"8,93B",313.84K,"3,13K",285,294,294,294,280,-,-,"31,384,500.00","8,934,044,400.00",276.00,(11.67 B),48.89%,"42,967,785.00",286.00,294.00,"1,759.39 B",8.40%,880.00,37.00,-3.40%,-10.00,(2.39 B),13.94,284,284,286,8930000000,313840,3130,285,294,294,294,280,,,31384500,8934044400,276,-11670000000,48.89,42967785,286,294,1759390000000,8.4,880,37,-3.4,-10,-2390000000,13.94,10,-3.4
ISAP,25,"1
(+4.17%)",24,25,"180,93M",73.67K,561,25,24,25,25,23,-,-,"7,367,400.00","180,932,600.00",24.00,492.92 M,55.46%,"15,382,550.00",24.33,24.00,100.51 B,13.64%,69.00,11.00,4.17%,1.00,(0.98 M),14.16,25,24,25,180930000,73670,561,25,24,25,25,23,,,7367400,180932600,24,492920000,55.46,15382550,24.33,24,100510000000,13.64,69,11,4.17,1,-980000,14.16,1,4.17
ISAT,"1,900","15
(+0.80%)","1,910","1,915","26,19B",137.63K,"3,24K","1,903","1,885","1,895","1,930","1,865",-,-,"13,763,100.00","26,187,181,500.00","1,876.00","2,393.91 B",52.65%,"17,887,260.00","1,898.33","1,885.00","61,276.54 B",4.40%,"2,600.00","1,615.00",0.80%,15.00,3.28 B,9.18,1900,1910,1915,26190000000,137630,3240,1903,1885,1895,1930,1865,,,13763100,26187181500,1876,2393910000000,52.65,17887260,1898.33,1885,61276540000000,4.4,2600,1615,0.8,15,3280000000,9.18,15,0.8
ITIC,204,"5
(+2.51%)",200,202,"77,80M",3.85K,154,202,199,200,204,200,-,-,"385,500.00","77,796,800.00",200.00,25.91 B,50.30%,"157,980.00",202.67,199.00,191.91 B,-,595.00,167.00,2.51%,5.00,(1.87 M),-1.58,204,200,202,77800000,3850,154,202,199,200,204,200,,,385500,77796800,200,25910000000,50.3,157980,202.67,199,191910000000,,595,167,2.51,5,-1870000,-1.58,5,2.51
ITMA,"1,305","10
(-0.76%)","1,320","1,330","20,34M",156,37,"1,304","1,315","1,320","1,340","1,290",-,-,"15,600.00","20,341,500.00","1,329.00","1,951.49 B",37.12%,"40,075.00","1,311.67","1,315.00","1,303.76 B",-5.09%,"2,920.00",730.00,-0.76%,-10.00,(5.09 M),-5.43,1305,1320,1330,20340000,156,37,1304,1315,1320,1340,1290,,,15600,20341500,1329,1951490000000,37.12,40075,1311.67,1315,1303760000000,-5.09,2920,730,-0.76,-10,-5090000,-5.43,10,-0.76
ITMG,"23,850","25
(+0.10%)","23,925","24,000","50,78B",21.18K,"2,96K","23,969","23,825","23,875","24,050","23,600",-,-,"2,118,500.00","50,777,350,000.00","23,925.00","(1,173.06 B)",62.54%,"1,136,445.00","23,833.33","23,825.00","26,948.71 B",2.36%,"30,700.00","20,900.00",0.10%,25.00,(19.52 B),7.10,23850,23925,24000,50780000000,21180,2960,23969,23825,23875,24050,23600,,,2118500,50777350000,23925,-1173060000000,62.54,1136445,23833.33,23825,26948710000000,2.36,30700,20900,0.1,25,-19520000000,7.1,25,0.1
JARR,"1,845","20
(-1.07%)","1,840","1,845","1,17B",6.31K,479,"1,852","1,865","1,870","1,885","1,835",-,-,"631,400.00","1,169,530,000.00","1,857.00",(120.34 B),49.51%,"1,863,370.00","1,855.00","1,865.00","17,030.58 B",-1.34%,"9,600.00",390.00,-1.07%,-20.00,(88.12 M),-4.46,1845,1840,1845,1170000000,6310,479,1852,1865,1870,1885,1835,,,631400,1169530000,1857,-120340000000,49.51,1863370,1855,1865,1.703058e+13,-1.34,9600,390,-1.07,-20,-88120000,-4.46,20,-1.07
JAST,84,"1
(-1.18%)",84,85,"542,09M",63.76K,590,85,85,86,87,84,-,-,"6,376,800.00","542,089,200.00",85.00,1.13 B,51.95%,"19,563,135.00",85.00,85.00,90.94 B,-2.33%,188.00,58.00,-1.18%,-1.00,(0.90 M),-25.62,84,84,85,542090000,63760,590,85,85,86,87,84,,,6376800,542089200,85,1130000000,51.95,19563135,85,85,90940000000,-2.33,188,58,-1.18,-1,-900000,-25.62,1,-1.18
JATI,95,"1
(+1.06%)",94,95,"332,84M",35.2K,543,95,94,94,96,93,-,-,"3,520,400.00","332,835,500.00",94.00,(3.03 B),51.86%,"10,144,635.00",94.67,94.00,309.94 B,5.56%,202.00,87.00,1.06%,1.00,5.48 M,-11.14,95,94,95,332840000,35200,543,95,94,94,96,93,,,3520400,332835500,94,-3030000000,51.86,10144635,94.67,94,309940000000,5.56,202,87,1.06,1,5480000,-11.14,1,1.06
JAWA,116,"1
(+0.87%)",116,117,"102,79M",8.81K,164,117,115,116,118,115,-,-,"881,800.00","102,787,300.00",115.00,(94.39 B),47.14%,"7,858,655.00",116.33,115.00,"1,883.02 B",0.87%,250.00,102.00,0.87%,1.00,-,17.15,116,116,117,102790000,8810,164,117,115,116,118,115,,,881800,102787300,115,-94390000000,47.14,7858655,116.33,115,1883020000000,0.87,250,102,0.87,1,,17.15,1,0.87
JECX,"1,315","15
(-1.13%)","1,320","1,325","9,15B",69.43K,"7,08K","1,318","1,330","1,335","1,340","1,290",-,-,"6,943,800.00","9,153,817,500.00","1,350.00",3.70 B,-,"41,096,089.00","1,315.00","1,330.00","4,277.99 B",-8.04%,"1,950.00","1,285.00",-1.13%,-15.00,(1.40 B),6.03,1315,1320,1325,9150000000,69430,7080,1318,1330,1335,1340,1290,,,6943800,9153817500,1350,3700000000,,41096089,1315,1330,4277990000000,-8.04,1950,1285,-1.13,-15,-1400000000,6.03,15,-1.13
JELI,895,"110
(-10.95%)",905,910,"107,88B",1.12M,"39,33K",957,"1,005","1,030","1,030",895,-,-,"112,720,600.00","107,884,241,000.00","1,059.00",1.09 B,-,"72,715,656.00",940.00,"1,005.00","1,133.07 B",-40.13%,"2,190.00",895.00,-10.95%,-110.00,413.07 M,-53.48,895,905,910,107880000000,1120000,39330,957,1005,1030,1030,895,,,112720600,107884241000,1059,1090000000,,72715656,940,1005,1133070000000,-40.13,2190,895,-10.95,-110,413070000,-53.48,110,-10.95
JGLE,50,"0
(0.00%)",-,50,"90,69M",18.13K,270,50,50,50,50,50,-,-,"1,813,700.00","90,685,000.00",50.00,(36.53 B),37.29%,"101,552,795.00",50.00,50.00,"1,129.10 B",-,99.00,7.00,-,-,-,-0.66,50,,50,90690000,18130,270,50,50,50,50,50,,,1813700,90685000,50,-36530000000,37.29,101552795,50,50,1129100000000,,99,7,,,,-0.66,0,0
JIHD,454,"24
(+5.58%)",448,452,"295,67M",6.6K,314,448,430,430,456,430,-,-,"660,100.00","295,671,600.00",429.00,133.47 B,63.10%,"434,335.00",446.67,430.00,"1,057.38 B",11.27%,835.00,340.00,5.58%,24.00,(3.01 M),17.76,454,448,452,295670000,6600,314,448,430,430,456,430,,,660100,295671600,429,133470000000,63.1,434335,446.67,430,1.05738e+12,11.27,835,340,5.58,24,-3010000,17.76,24,5.58
JKON,69,"0
(0.00%)",68,69,"122,75M",17.88K,160,69,69,69,70,68,-,-,"1,788,300.00","122,753,200.00",68.00,(204.27 B),55.58%,"1,844,565.00",69.00,69.00,"1,125.29 B",4.55%,112.00,60.00,-,-,(37.88 M),-1.06,69,68,69,122750000,17880,160,69,69,69,70,68,,,1788300,122753200,68,-204270000000,55.58,1844565,69,69,1125290000000,4.55,112,60,,,-37880000,-1.06,0,0
JPFA,"2,070","40
(+1.97%)","2,050","2,060","20,84B",101.64K,"2,95K","2,050","2,030","2,030","2,090","2,000",-,-,"10,164,700.00","20,841,257,000.00","2,040.00",98.00 B,51.84%,"14,465,835.00","2,053.33","2,030.00","24,274.01 B",3.50%,"2,970.00","1,510.00",1.97%,40.00,(1.07 B),-7.26,2070,2050,2060,20840000000,101640,2950,2050,2030,2030,2090,2000,,,10164700,20841257000,2040,98000000000,51.84,14465835,2053.33,2030,24274010000000,3.5,2970,1510,1.97,40,-1070000000,-7.26,40,1.97
JSMR,"2,750","20
(+0.73%)","2,750","2,760","10,44B",37.97K,"1,59K","2,750","2,730","2,730","2,770","2,700",-,-,"3,797,500.00","10,442,375,000.00","2,714.00",(773.32 B),48.59%,"9,133,030.00","2,740.00","2,730.00","19,959.15 B",1.10%,"4,180.00","2,530.00",0.73%,20.00,1.37 B,-9.76,2750,2750,2760,10440000000,37970,1590,2750,2730,2730,2770,2700,,,3797500,10442375000,2714,-773320000000,48.59,9133030,2740,2730,19959150000000,1.1,4180,2530,0.73,20,1370000000,-9.76,20,0.73
JTPE,610,"5
(+0.83%)",605,610,"2,22B",36.79K,393,603,605,605,615,595,-,-,"3,679,500.00","2,217,175,500.00",605.00,102.66 B,52.22%,"2,051,550.00",606.67,605.00,"4,179.75 B",0.83%,735.00,254.00,0.83%,5.00,340.64 M,36.42,610,605,610,2220000000,36790,393,603,605,605,615,595,,,3679500,2217175500,605,102660000000,52.22,2051550,606.67,605,4179750000000,0.83,735,254,0.83,5,340640000,36.42,5,0.83
KAEF,456,"2
(+0.44%)",452,454,"132,14M",2.9K,196,455,454,456,458,452,-,-,"290,600.00","132,139,200.00",454.00,(293.22 B),50.38%,"1,197,265.00",455.33,454.00,"2,538.36 B",0.44%,785.00,380.00,0.44%,2.00,-,-23.02,456,452,454,132140000,2900,196,455,454,456,458,452,,,290600,132139200,454,-293220000000,50.38,1197265,455.33,454,2538360000000,0.44,785,380,0.44,2,,-23.02,2,0.44
KBLV,137,"29
(+26.85%)",135,136,"84,80B",6.35M,"53,05K",133,108,109,143,109,-,-,"635,404,600.00","84,795,082,500.00",99.00,32.96 B,75.68%,"70,536,030.00",129.67,108.00,238.68 B,69.14%,334.00,52.00,26.85%,29.00,(80.74 M),36.45,137,135,136,84800000000,6350000,53050,133,108,109,143,109,,,635404600,84795082500,99,32960000000,75.68,70536030,129.67,108,238680000000,69.14,334,52,26.85,29,-80740000,36.45,29,26.85
KDSI,442,"2
(-0.45%)",442,444,"442,00K",10,5,442,444,442,442,442,-,-,"1,000.00","442,000.00",443.00,17.58 B,52.68%,"10,330.00",442.00,444.00,716.04 B,0.45%,550.00,392.00,-0.45%,-2.00,-,4.55,442,442,444,442000,10,5,442,444,442,442,442,,,1000,442000,443,17580000000,52.68,10330,442,444,716040000000,0.45,550,392,-0.45,-2,,4.55,2,-0.45
KEEN,865,"5
(+0.58%)",850,855,"7,43B",86.95K,"1,44K",855,860,860,865,845,-,-,"8,695,800.00","7,434,975,000.00",854.00,6.10 B,57.27%,"8,068,280.00",858.33,860.00,"3,171.36 B",4.85%,"1,490.00",710.00,0.58%,5.00,(0.25 B),34.23,865,850,855,7430000000,86950,1440,855,860,860,865,845,,,8695800,7434975000,854,6100000000,57.27,8068280,858.33,860,3171360000000,4.85,1490,710,0.58,5,-250000000,34.23,5,0.58
KEJU,550,"10
(+1.85%)",545,550,"12,05M",221,17,545,540,550,550,545,-,-,"22,100.00","12,053,500.00",546.00,2.49 B,47.74%,"130,915.00",548.33,540.00,"3,093.75 B",-,835.00,498.00,1.85%,10.00,-,6.12,550,545,550,12050000,221,17,545,540,550,550,545,,,22100,12053500,546,2490000000,47.74,130915,548.33,540,3093750000000,,835,498,1.85,10,,6.12,10,1.85
KETR,525,"15
(-2.78%)",525,530,"7,68B",144.92K,"1,63K",530,540,545,545,525,-,-,"14,492,500.00","7,680,227,500.00",529.00,(23.55 B),49.17%,"15,406,510.00",531.67,540.00,"1,491.66 B",3.96%,"1,595.00",197.00,-2.78%,-15.00,(2.29 B),-21.35,525,525,530,7680000000,144920,1630,530,540,545,545,525,,,14492500,7680227500,529,-23550000000,49.17,15406510,531.67,540,1491660000000,3.96,1595,197,-2.78,-15,-2290000000,-21.35,15,-2.78
KIJA,135,"5
(-3.57%)",134,135,"18,31B",1.34M,"8,86K",136,140,140,140,133,-,-,"134,989,500.00","18,308,051,900.00",132.00,(224.11 B),56.99%,"90,548,955.00",136.00,140.00,"2,811.36 B",6.30%,364.00,105.00,-3.57%,-5.00,(2.79 B),11.24,135,134,135,18310000000,1340000,8860,136,140,140,140,133,,,134989500,18308051900,132,-224110000000,56.99,90548955,136,140,2811360000000,6.3,364,105,-3.57,-5,-2790000000,11.24,5,-3.57
KINO,"1,150","25
(+2.22%)","1,150","1,180","407,99M",3.45K,81,"1,180","1,125","1,170","1,195","1,145",-,-,"345,900.00","407,992,500.00","1,137.00",(183.51 B),55.85%,"34,560.00","1,163.33","1,125.00","1,642.86 B",3.14%,"1,470.00","1,050.00",2.22%,25.00,8.61 M,-5.00,1150,1150,1180,407990000,3450,81,1180,1125,1170,1195,1145,,,345900,407992500,1137,-183510000000,55.85,34560,1163.33,1125,1642860000000,3.14,1470,1050,2.22,25,8610000,-5,25,2.22
KKGI,278,"0
(0.00%)",276,278,"140,53M",5.06K,274,277,278,278,282,276,-,-,"506,500.00","140,530,600.00",272.00,(4.23 B),57.44%,"1,036,325.00",278.67,278.00,"1,390.00 B",6.11%,428.00,202.00,-,-,(17.67 M),-27.74,278,276,278,140530000,5060,274,277,278,278,282,276,,,506500,140530600,272,-4230000000,57.44,1036325,278.67,278,1390000000000,6.11,428,202,,,-17670000,-27.74,0,0
KLBF,760,"40
(+5.56%)",755,760,"85,12B",1.14M,"10,69K",742,720,725,760,715,-,-,"114,748,600.00","85,120,063,000.00",728.00,"(4,574.10 B)",53.22%,"84,881,970.00",745.00,720.00,"35,578.18 B",4.83%,"1,560.00",630.00,5.56%,40.00,(2.22 B),14.45,760,755,760,85120000000,1140000,10690,742,720,725,760,715,,,114748600,85120063000,728,-4574100000000,53.22,84881970,745,720,35578180000000,4.83,1560,630,5.56,40,-2220000000,14.45,40,5.56
KMTR,226,"0
(0.00%)",226,228,"13,65M",604,9,226,226,226,230,226,-,-,"60,400.00","13,654,800.00",225.00,(3.91 B),49.25%,"89,490.00",227.33,226.00,"1,856.67 B",2.73%,410.00,200.00,-,-,-,3.66,226,226,228,13650000,604,9,226,226,226,230,226,,,60400,13654800,225,-3910000000,49.25,89490,227.33,226,1856670000000,2.73,410,200,,,,3.66,0,0
KOCI,100,"1
(-0.99%)",100,101,"967,63M",95.8K,825,101,101,102,103,99,-,-,"9,580,100.00","967,633,300.00",100.00,(4.53 B),52.55%,"39,935,870.00",100.67,101.00,446.74 B,-,280.00,50.00,-0.99%,-1.00,149.22 M,-11.76,100,100,101,967630000,95800,825,101,101,102,103,99,,,9580100,967633300,100,-4530000000,52.55,39935870,100.67,101,446740000000,,280,50,-0.99,-1,149220000,-11.76,1,-0.99
KOKA,218,"47
(+27.49%)",216,218,"64,01B",3.22M,"33,46K",198,171,174,218,173,-,-,"322,670,800.00","64,011,565,000.00",182.00,5.00 B,77.50%,"84,975,570.00",203.00,171.00,623.77 B,28.24%,490.00,68.00,27.49%,47.00,786.32 M,26.04,218,216,218,64010000000,3220000,33460,198,171,174,218,173,,,322670800,64011565000,182,5000000000,77.5,84975570,203,171,623770000000,28.24,490,68,27.49,47,786320000,26.04,47,27.49
KOPI,204,"6
(-2.86%)",200,204,"129,08M",6.28K,361,205,210,214,214,200,-,-,"628,200.00","129,082,600.00",195.00,(52.12 M),55.99%,"1,072,265.00",206.00,210.00,142.24 B,10.27%,390.00,125.00,-2.86%,-6.00,-,-1.55,204,200,204,129080000,6280,361,205,210,214,214,200,,,628200,129082600,195,-52120000,55.99,1072265,206,210,142240000000,10.27,390,125,-2.86,-6,,-1.55,6,-2.86
KOTA,95,"0
(0.00%)",95,96,"8,86B",921.36K,"4,99K",96,95,95,98,94,-,-,"92,136,600.00","8,856,774,800.00",94.00,(44.25 B),50.10%,"170,588,390.00",95.67,95.00,"1,001.89 B",1.06%,174.00,14.00,-,-,(39.87 M),11.62,95,95,96,8860000000,921360,4990,96,95,95,98,94,,,92136600,8856774800,94,-44250000000,50.1,170588390,95.67,95,1001890000000,1.06,174,14,,,-39870000,11.62,0,0
KPIG,85,"3
(-3.41%)",84,85,"11,37B",1.35M,"3,39K",84,88,86,87,83,-,-,"135,154,200.00","11,369,544,900.00",83.00,"(2,083.22 B)",52.68%,"101,711,300.00",85.00,88.00,"9,121.59 B",7.59%,300.00,70.00,-3.41%,-3.00,(2.82 B),-18.17,85,84,85,11370000000,1350000,3390,84,88,86,87,83,,,135154200,11369544900,83,-2.08322e+12,52.68,101711300,85,88,9121590000000,7.59,300,70,-3.41,-3,-2820000000,-18.17,3,-3.41
KRAS,240,"10
(+4.35%)",240,242,"1,52B",63.69K,"1,00K",239,230,236,244,234,-,-,"6,369,100.00","1,520,061,600.00",228.00,(395.29 B),67.35%,"6,770,795.00",239.33,230.00,"4,643.14 B",11.11%,436.00,160.00,4.35%,10.00,488.19 M,30.25,240,240,242,1520000000,63690,1000,239,230,236,244,234,,,6369100,1520061600,228,-395290000000,67.35,6770795,239.33,230,4643140000000,11.11,436,160,4.35,10,488190000,30.25,10,4.35
KRYA,61,"0
(0.00%)",60,61,"810,66M",135.12K,922,60,61,62,62,59,-,-,"13,512,600.00","810,655,900.00",60.00,(14.71 B),55.45%,"39,673,215.00",60.67,61.00,101.50 B,3.39%,300.00,50.00,-,-,(0.21 B),-24.71,61,60,61,810660000,135120,922,60,61,62,62,59,,,13512600,810655900,60,-14710000000,55.45,39673215,60.67,61,101500000000,3.39,300,50,,,-210000000,-24.71,0,0
KSIX,278,"2
(-0.71%)",270,278,"11,40M",410,28,278,280,280,280,270,-,-,"41,000.00","11,396,800.00",280.00,(0.43 B),29.93%,"135,440.00",276.00,280.00,594.32 B,-1.42%,456.00,193.00,-0.71%,-2.00,(0.14 M),0.27,278,270,278,11400000,410,28,278,280,280,280,270,,,41000,11396800,280,-430000000,29.93,135440,276,280,594320000000,-1.42,456,193,-0.71,-2,-140000,0.27,2,-0.71
LABA,94,"2
(+2.17%)",93,94,"589,78M",62.82K,655,94,92,93,96,92,-,-,"6,282,300.00","589,782,400.00",93.00,(39.68 B),52.80%,"9,309,555.00",94.00,92.00,103.72 B,3.30%,358.00,64.00,2.17%,2.00,16.01 M,18.03,94,93,94,589780000,62820,655,94,92,93,96,92,,,6282300,589782400,93,-39680000000,52.8,9309555,94,92,103720000000,3.3,358,64,2.17,2,16010000,18.03,2,2.17
LAJU,67,"2
(-2.90%)",67,68,"2,31B",341.39K,"2,38K",68,69,68,70,66,-,-,"34,139,000.00","2,314,925,000.00",67.00,(4.44 B),52.96%,"83,041,050.00",67.67,69.00,144.05 B,-,129.00,50.00,-2.90%,-2.00,20.05 M,-4.85,67,67,68,2310000000,341390,2380,68,69,68,70,66,,,34139000,2314925000,67,-4440000000,52.96,83041050,67.67,69,144050000000,,129,50,-2.9,-2,20050000,-4.85,2,-2.9
LAND,78,"1
(+1.30%)",78,79,"3,35B",428.09K,"3,01K",78,77,79,81,76,-,-,"42,809,600.00","3,349,742,000.00",79.00,1.50 B,64.08%,"149,856,195.00",78.33,77.00,217.82 B,23.81%,121.00,21.00,1.30%,1.00,(0.14 B),34.67,78,78,79,3350000000,428090,3010,78,77,79,81,76,,,42809600,3349742000,79,1500000000,64.08,149856195,78.33,77,217820000000,23.81,121,21,1.3,1,-140000000,34.67,1,1.3
LAPD,68,"2
(+3.03%)",67,68,"797,36M",118.84K,"1,32K",67,66,67,68,66,-,-,"11,884,800.00","797,361,200.00",66.00,19.86 M,54.20%,"43,853,315.00",67.33,66.00,269.71 B,4.62%,360.00,31.00,3.03%,2.00,76.36 M,-10.64,68,67,68,797360000,118840,1320,67,66,67,68,66,,,11884800,797361200,66,19860000,54.2,43853315,67.33,66,269710000000,4.62,360,31,3.03,2,76360000,-10.64,2,3.03
LCKM,114,"3
(+2.70%)",114,115,"17,29B",1.43M,"15,38K",120,111,112,128,111,-,-,"143,620,500.00","17,289,145,500.00",108.00,(4.58 B),52.83%,"21,279,635.00",117.67,111.00,114.00 B,6.54%,440.00,81.00,2.70%,3.00,(28.42 M),-17.47,114,114,115,17290000000,1430000,15380,120,111,112,128,111,,,143620500,17289145500,108,-4580000000,52.83,21279635,117.67,111,114000000000,6.54,440,81,2.7,3,-28420000,-17.47,3,2.7
LEAD,102,"1
(+0.99%)",101,102,"1,09B",107.4K,817,101,101,102,104,100,-,-,"10,740,600.00","1,088,308,000.00",100.00,(98.01 B),53.19%,"78,728,300.00",102.00,101.00,591.56 B,5.15%,252.00,69.00,0.99%,1.00,43.05 M,19.62,102,101,102,1090000000,107400,817,101,101,102,104,100,,,10740600,1088308000,100,-98010000000,53.19,78728300,102,101,591560000000,5.15,252,69,0.99,1,43050000,19.62,1,0.99
LION,388,"50
(+14.79%)",342,370,"109,91M",3.06K,188,358,338,338,390,330,-,-,"306,800.00","109,914,000.00",338.00,628.57 M,68.14%,"218,780.00",369.33,338.00,201.82 B,19.75%,950.00,278.00,14.79%,50.00,-,17.54,388,342,370,109910000,3060,188,358,338,338,390,330,,,306800,109914000,338,628570000,68.14,218780,369.33,338,201820000000,19.75,950,278,14.79,50,,17.54,50,14.79
LMPI,137,"2
(-1.44%)",137,138,"4,93M",359,25,137,139,139,139,136,-,-,"35,900.00","4,927,400.00",138.00,23.90 B,48.32%,"82,500.00",137.33,139.00,138.17 B,-0.72%,324.00,119.00,-1.44%,-2.00,-,-8.76,137,137,138,4930000,359,25,137,139,139,139,136,,,35900,4927400,138,23900000000,48.32,82500,137.33,139,138170000000,-0.72,324,119,-1.44,-2,,-8.76,2,-1.44
LPCK,510,"0
(0.00%)",505,510,"97,36M",1.87K,163,519,510,530,535,500,-,-,"187,600.00","97,360,000.00",508.00,222.18 B,47.48%,"240,185.00",515.00,510.00,"2,618.69 B",-0.97%,"1,165.00",460.00,-,-,2.62 M,-33.90,510,505,510,97360000,1870,163,519,510,530,535,500,,,187600,97360000,508,222180000000,47.48,240185,515,510,2618690000000,-0.97,1165,460,,,2620000,-33.9,0,0
LPIN,420,"8
(+1.94%)",420,422,"59,52M",1.43K,89,415,412,412,422,412,-,-,"143,300.00","59,523,000.00",412.00,7.53 B,63.50%,"47,630.00",418.00,412.00,178.50 B,2.94%,520.00,360.00,1.94%,8.00,-,2.95,420,420,422,59520000,1430,89,415,412,412,422,412,,,143300,59523000,412,7530000000,63.5,47630,418,412,178500000000,2.94,520,360,1.94,8,,2.95,8,1.94
LPPF,"1,580","20
(+1.28%)","1,565","1,580","3,02B",19.28K,977,"1,567","1,560","1,560","1,580","1,555",-,-,"1,928,500.00","3,022,918,000.00","1,546.00","(2,014.12 B)",60.82%,"1,203,840.00","1,571.67","1,560.00","3,519.10 B",4.98%,"1,990.00","1,435.00",1.28%,20.00,(1.31 B),-12.82,1580,1565,1580,3020000000,19280,977,1567,1560,1560,1580,1555,,,1928500,3022918000,1546,-2014120000000,60.82,1203840,1571.67,1560,3519100000000,4.98,1990,1435,1.28,20,-1310000000,-12.82,20,1.28
LPPS,80,"1
(+1.27%)",80,81,"1,54B",186.23K,"3,55K",83,79,79,87,76,-,-,"18,623,400.00","1,544,726,700.00",73.00,25.58 B,67.07%,"6,017,550.00",81.00,79.00,207.06 B,15.94%,210.00,53.00,1.27%,1.00,101.02 M,-16.01,80,80,81,1540000000,186230,3550,83,79,79,87,76,,,18623400,1544726700,73,25580000000,67.07,6017550,81,79,207060000000,15.94,210,53,1.27,1,101020000,-16.01,1,1.27
LSIP,"1,320","15
(-1.12%)","1,320","1,325","5,70B",43.11K,"1,68K","1,323","1,335","1,335","1,335","1,305",-,-,"4,311,700.00","5,703,976,000.00","1,319.00",903.45 B,52.54%,"7,012,995.00","1,320.00","1,335.00","9,002.35 B",1.93%,"1,810.00","1,030.00",-1.12%,-15.00,(1.02 B),16.42,1320,1320,1325,5700000000,43110,1680,1323,1335,1335,1335,1305,,,4311700,5703976000,1319,903450000000,52.54,7012995,1320,1335,9002350000000,1.93,1810,1030,-1.12,-15,-1020000000,16.42,15,-1.12
LUCK,99,"1
(+1.02%)",98,99,"72,34M",7.35K,158,98,98,99,100,97,-,-,"735,400.00","72,340,600.00",97.00,(6.96 B),49.16%,"920,795.00",98.67,98.00,70.86 B,1.02%,186.00,64.00,1.02%,1.00,(1.88 M),-0.12,99,98,99,72340000,7350,158,98,98,99,100,97,,,735400,72340600,97,-6960000000,49.16,920795,98.67,98,70860000000,1.02,186,64,1.02,1,-1880000,-0.12,1,1.02
MAIN,720,"40
(+5.88%)",715,720,"2,52B",36.09K,512,698,680,690,720,675,-,-,"3,609,400.00","2,520,464,500.00",687.00,525.06 B,55.89%,"1,795,220.00",705.00,680.00,"1,611.90 B",7.46%,"1,105.00",600.00,5.88%,40.00,352.42 M,-18.54,720,715,720,2520000000,36090,512,698,680,690,720,675,,,3609400,2520464500,687,525060000000,55.89,1795220,705,680,1611900000000,7.46,1105,600,5.88,40,352420000,-18.54,40,5.88
MAPA,630,"20
(+3.28%)",625,630,"21,95B",353.87K,"1,58K",620,610,610,640,605,-,-,"35,387,000.00","21,948,097,000.00",610.00,(6.43 B),57.10%,"25,325,685.00",625.00,610.00,"17,957.52 B",5.88%,820.00,510.00,3.28%,20.00,(6.85 B),-4.67,630,625,630,21950000000,353870,1580,620,610,610,640,605,,,35387000,21948097000,610,-6430000000,57.1,25325685,625,610,17957520000000,5.88,820,510,3.28,20,-6850000000,-4.67,20,3.28
MAPI,"1,520","50
(+3.40%)","1,485","1,505","6,99B",46.68K,"1,58K","1,497","1,470","1,475","1,520","1,475",-,-,"4,668,200.00","6,986,851,000.00","1,515.00","(2,213.48 B)",53.62%,"72,384,990.00","1,505.00","1,470.00","25,232.00 B",-0.98%,"1,540.00","1,000.00",3.40%,50.00,3.17 B,24.68,1520,1485,1505,6990000000,46680,1580,1497,1470,1475,1520,1475,,,4668200,6986851000,1515,-2213480000000,53.62,72384990,1505,1470,25232000000000,-0.98,1540,1000,3.4,50,3170000000,24.68,50,3.4
MAYA,198,"9
(+4.76%)",197,198,"892,87M",44.99K,762,198,189,189,208,189,-,-,"4,499,800.00","892,872,800.00",191.00,(263.14 B),62.92%,"661,195.00",198.33,189.00,"5,181.24 B",4.76%,334.00,158.00,4.76%,9.00,(1.00 M),14.19,198,197,198,892870000,44990,762,198,189,189,208,189,,,4499800,892872800,191,-263140000000,62.92,661195,198.33,189,5181240000000,4.76,334,158,4.76,9,-1000000,14.19,9,4.76
MBMA,515,"10
(-1.90%)",510,515,"23,24B",449.14K,"4,58K",517,525,525,530,510,-,-,"44,914,400.00","23,241,005,000.00",514.00,"(1,039.17 B)",51.29%,"92,876,035.00",518.33,525.00,"55,617.64 B",4.25%,945.00,396.00,-1.90%,-10.00,(9.79 B),-35.20,515,510,515,23240000000,449140,4580,517,525,525,530,510,,,44914400,23241005000,514,-1.03917e+12,51.29,92876035,518.33,525,55617640000000,4.25,945,396,-1.9,-10,-9790000000,-35.2,10,-1.9
MBSS,"2,560","60
(-2.29%)","2,560","2,570","1,95B",7.55K,239,"2,582","2,620","2,630","2,630","2,560",-,-,"755,000.00","1,949,493,000.00","2,552.00",(82.63 B),53.25%,"1,062,665.00","2,583.33","2,620.00","4,480.07 B",1.19%,"4,000.00","1,225.00",-2.29%,-60.00,49.94 M,0.51,2560,2560,2570,1950000000,7550,239,2582,2620,2630,2630,2560,,,755000,1949493000,2552,-82630000000,53.25,1062665,2583.33,2620,4480070000000,1.19,4000,1225,-2.29,-60,49940000,0.51,60,-2.29
MBTO,120,"5
(+4.35%)",121,122,"2,01B",164.9K,"2,47K",122,115,115,129,114,-,-,"16,490,500.00","2,012,642,100.00",116.00,10.86 B,63.22%,"8,980,535.00",121.00,115.00,128.40 B,13.21%,334.00,82.00,4.35%,5.00,-,51.50,120,121,122,2010000000,164900,2470,122,115,115,129,114,,,16490500,2012642100,116,10860000000,63.22,8980535,121,115,128400000000,13.21,334,82,4.35,5,,51.5,5,4.35
MDIA,67,"1
(-1.47%)",68,69,"2,32B",339.73K,"1,92K",68,68,68,70,67,-,-,"33,973,500.00","2,315,371,000.00",69.00,(15.02 B),44.41%,"93,750,195.00",68.00,68.00,"2,627.44 B",-4.29%,165.00,21.00,-1.47%,-1.00,111.62 M,-21.79,67,68,69,2320000000,339730,1920,68,68,68,70,67,,,33973500,2315371000,69,-15020000000,44.41,93750195,68,68,2627440000000,-4.29,165,21,-1.47,-1,111620000,-21.79,1,-1.47
MDIY,985,"20
(-1.99%)",985,990,"443,81M",4.46K,282,994,"1,005","1,025","1,025",985,-,-,"446,500.00","443,806,000.00",969.00,329.78 B,67.77%,"523,645.00",998.33,"1,005.00","24,812.54 B",4.23%,"1,350.00",770.00,-1.99%,-20.00,(0.11 B),9.96,985,985,990,443810000,4460,282,994,1005,1025,1025,985,,,446500,443806000,969,329780000000,67.77,523645,998.33,1005,24812540000000,4.23,1350,770,-1.99,-20,-110000000,9.96,20,-1.99
MDKA,"2,660","0
(0.00%)","2,640","2,650","72,43B",274.49K,"6,50K","2,639","2,660","2,650","2,670","2,600",-,-,"27,449,500.00","72,428,815,000.00","2,654.00","2,905.07 B",49.37%,"31,270,740.00","2,643.33","2,660.00","65,098.14 B",3.50%,"3,960.00","2,010.00",-,-,(23.13 B),-18.79,2660,2640,2650,72430000000,274490,6500,2639,2660,2650,2670,2600,,,27449500,72428815000,2654,2905070000000,49.37,31270740,2643.33,2660,65098140000000,3.5,3960,2010,,,-23130000000,-18.79,0,0
MDLA,206,"2
(-0.96%)",206,208,"289,74M",14.12K,106,205,208,206,208,202,-,-,"1,412,000.00","289,741,000.00",207.00,37.07 B,52.34%,"1,067,565.00",205.33,208.00,"2,886.64 B",0.98%,318.00,175.00,-0.96%,-2.00,165.47 M,-22.32,206,206,208,289740000,14120,106,205,208,206,208,202,,,1412000,289741000,207,37070000000,52.34,1067565,205.33,208,2886640000000,0.98,318,175,-0.96,-2,165470000,-22.32,2,-0.96
MEDC,"1,230","35
(-2.77%)","1,230","1,235","45,20B",363.9K,"7,02K","1,242","1,265","1,270","1,275","1,230",-,-,"36,390,500.00","45,203,454,500.00","1,235.00",(733.84 B),54.76%,"43,749,305.00","1,245.00","1,265.00","30,917.56 B",4.68%,"2,000.00","1,005.00",-2.77%,-35.00,(21.10 B),-39.24,1230,1230,1235,45200000000,363900,7020,1242,1265,1270,1275,1230,,,36390500,45203454500,1235,-733840000000,54.76,43749305,1245,1265,30917560000000,4.68,2000,1005,-2.77,-35,-21100000000,-39.24,35,-2.77
MEDS,80,"2
(-2.44%)",80,81,"3,08B",383.91K,"3,23K",80,82,82,82,79,-,-,"38,391,300.00","3,075,698,500.00",81.00,(2.91 B),53.78%,"102,792,540.00",80.33,82.00,125.00 B,-1.23%,157.00,50.00,-2.44%,-2.00,2.83 M,5.02,80,80,81,3080000000,383910,3230,80,82,82,82,79,,,38391300,3075698500,81,-2910000000,53.78,102792540,80.33,82,125000000000,-1.23,157,50,-2.44,-2,2830000,5.02,2,-2.44
MERI,100,"2
(-1.96%)",100,101,"230,06M",22.8K,306,101,102,103,103,100,-,-,"2,280,700.00","230,059,400.00",101.00,(0.45 B),39.02%,"2,371,875.00",101.00,102.00,103.51 B,-2.91%,700.00,87.00,-1.96%,-2.00,7.94 M,-36.37,100,100,101,230060000,22800,306,101,102,103,103,100,,,2280700,230059400,101,-450000000,39.02,2371875,101,102,103510000000,-2.91,700,87,-1.96,-2,7940000,-36.37,2,-1.96
MHKI,134,"3
(-2.19%)",134,136,"597,61M",44.48K,710,134,137,138,140,132,-,-,"4,448,400.00","597,612,100.00",136.00,(6.02 B),54.72%,"8,130,200.00",135.33,137.00,502.50 B,12.61%,334.00,90.00,-2.19%,-3.00,83.03 M,-10.95,134,134,136,597610000,44480,710,134,137,138,140,132,,,4448400,597612100,136,-6020000000,54.72,8130200,135.33,137,502500000000,12.61,334,90,-2.19,-3,83030000,-10.95,3,-2.19
MINA,288,"14
(+5.11%)",284,286,"62,73B",2.2M,"16,56K",285,274,276,292,272,-,-,"220,457,500.00","62,732,675,000.00",277.00,(93.22 B),52.77%,"81,727,360.00",284.00,274.00,"2,835.00 B",5.88%,725.00,82.00,5.11%,14.00,1.47 B,27.30,288,284,286,62730000000,2200000,16560,285,274,276,292,272,,,220457500,62732675000,277,-93220000000,52.77,81727360,284,274,2835000000000,5.88,725,82,5.11,14,1470000000,27.3,14,5.11
MINE,226,"0
(0.00%)",220,224,"254,94M",11.48K,278,222,226,228,230,220,-,-,"1,148,500.00","254,936,800.00",223.00,37.83 B,50.62%,"858,760.00",225.33,226.00,923.08 B,3.67%,740.00,194.00,-,-,(14.96 M),-5.51,226,220,224,254940000,11480,278,222,226,228,230,220,,,1148500,254936800,223,37830000000,50.62,858760,225.33,226,923080000000,3.67,740,194,,,-14960000,-5.51,0,0
MLPL,90,"1
(-1.10%)",90,91,"6,88B",750.39K,"3,69K",92,91,91,95,89,-,-,"75,039,000.00","6,881,006,700.00",85.00,(500.57 B),64.18%,"19,956,260.00",91.33,91.00,"1,411.41 B",8.43%,274.00,65.00,-1.10%,-1.00,(0.80 B),-27.02,90,90,91,6880000000,750390,3690,92,91,91,95,89,,,75039000,6881006700,85,-500570000000,64.18,19956260,91.33,91,1411410000000,8.43,274,65,-1.1,-1,-800000000,-27.02,1,-1.1
MMIX,770,"10
(+1.32%)",765,770,"15,25B",191.08K,"9,36K",798,760,760,850,750,-,-,"19,108,300.00","15,251,881,000.00",738.00,(10.81 B),58.69%,"23,915,495.00",790.00,760.00,"3,696.33 B",2.67%,920.00,98.00,1.32%,10.00,348.69 M,8.17,770,765,770,15250000000,191080,9360,798,760,760,850,750,,,19108300,15251881000,738,-10810000000,58.69,23915495,790,760,3696330000000,2.67,920,98,1.32,10,348690000,8.17,10,1.32
MORA,"6,350","100
(-1.55%)","6,350","6,375","1,19B",1.85K,427,"6,397","6,450","6,450","6,475","6,325",-,-,"185,800.00","1,188,522,500.00","6,470.00",621.21 B,45.41%,"552,020.00","6,383.33","6,450.00","303,366.12 B",0.79%,"16,725.00",364.00,-1.55%,-100.00,(0.27 B),-0.35,6350,6350,6375,1190000000,1850,427,6397,6450,6450,6475,6325,,,185800,1188522500,6470,621210000000,45.41,552020,6383.33,6450,303366120000000,0.79,16725,364,-1.55,-100,-270000000,-0.35,100,-1.55
MPMX,"1,000","15
(+1.52%)",995,"1,000","3,00B",30.21K,935,994,985,990,"1,000",985,-,-,"3,021,200.00","3,004,212,500.00",991.00,(701.88 B),57.65%,"2,876,435.00",995.00,985.00,"4,386.96 B",1.52%,"1,150.00",910.00,1.52%,15.00,(0.22 B),34.31,1000,995,1000,3000000000,30210,935,994,985,990,1000,985,,,3021200,3004212500,991,-701880000000,57.65,2876435,995,985,4386960000000,1.52,1150,910,1.52,15,-220000000,34.31,15,1.52
MPOW,97,"0
(0.00%)",97,98,"278,59M",28.59K,423,97,97,97,99,96,-,-,"2,859,500.00","278,587,600.00",96.00,(11.67 B),51.54%,"9,612,600.00",97.33,97.00,79.25 B,6.59%,193.00,83.00,-,-,(6.88 M),27.31,97,97,98,278590000,28590,423,97,97,97,99,96,,,2859500,278587600,96,-11670000000,51.54,9612600,97.33,97,79250000000,6.59,193,83,,,-6880000,27.31,0,0
MPPA,46,"0
(0.00%)",-,-,"702,17M",152.51K,251,46,46,46,47,46,-,-,"15,251,500.00","702,170,200.00",47.00,(160.78 B),47.81%,"21,279,415.00",46.33,46.00,"1,556.13 B",-4.17%,93.00,38.00,-,-,-,-1.83,46,,,702170000,152510,251,46,46,46,47,46,,,15251500,702170200,47,-160780000000,47.81,21279415,46.33,46,1556130000000,-4.17,93,38,,,,-1.83,0,0
MPXL,145,"0
(0.00%)",144,145,"24,71M",1.71K,107,144,145,144,146,142,-,-,"171,900.00","24,705,500.00",146.00,(4.22 B),43.40%,"469,650.00",144.33,145.00,290.00 B,-2.03%,324.00,103.00,-,-,(0.39 M),19.26,145,144,145,24710000,1710,107,144,145,144,146,142,,,171900,24705500,146,-4220000000,43.4,469650,144.33,145,290000000000,-2.03,324,103,,,-390000,19.26,0,0
MSIN,456,"4
(-0.87%)",456,458,"7,55B",165.44K,"6,34K",456,460,460,460,454,-,-,"16,544,800.00","7,551,281,200.00",459.00,"1,317.83 B",39.77%,"28,006,680.00",456.67,460.00,"27,668.34 B",-2.98%,"1,450.00",286.00,-0.87%,-4.00,235.87 M,-5.26,456,456,458,7550000000,165440,6340,456,460,460,460,454,,,16544800,7551281200,459,1317830000000,39.77,28006680,456.67,460,27668340000000,-2.98,1450,286,-0.87,-4,235870000,-5.26,4,-0.87
MSKY,60,"1
(-1.64%)",59,60,"215,37M",35.92K,278,60,61,61,61,59,-,-,"3,592,100.00","215,374,700.00",61.00,(245.23 B),45.87%,"14,832,845.00",60.00,61.00,598.31 B,-3.23%,141.00,52.00,-1.64%,-1.00,55.54 M,-1.76,60,59,60,215370000,35920,278,60,61,61,61,59,,,3592100,215374700,61,-245230000000,45.87,14832845,60,61,598310000000,-3.23,141,52,-1.64,-1,55540000,-1.76,1,-1.64
MTEL,460,"0
(0.00%)",458,460,"18,36B",401.4K,"2,85K",457,460,458,464,454,-,-,"40,140,500.00","18,361,034,400.00",462.00,"(2,326.01 B)",35.40%,"49,640,085.00",459.33,460.00,"38,437.45 B",-1.71%,705.00,454.00,-,-,(4.23 B),27.19,460,458,460,18360000000,401400,2850,457,460,458,464,454,,,40140500,18361034400,462,-2326010000000,35.4,49640085,459.33,460,38437450000000,-1.71,705,454,,,-4230000000,27.19,0,0
MTFN,13,"0
(0.00%)",-,-,-,-,-,-,13,13,13,13,-,-,-,-,13.00,(34.35 B),36.57%,"6,229,855.00",13.00,13.00,413.95 B,-,51.00,4.00,-,-,-,-33.99,13,,,,,,,13,13,13,13,,,,,13,-34350000000,36.57,6229855,13,13,413950000000,,51,4,,,,-33.99,0,0
MYOR,"1,750","10
(+0.57%)","1,750","1,755","9,77B",56.05K,"2,05K","1,743","1,740","1,740","1,755","1,725",-,-,"5,605,000.00","9,766,822,000.00","1,742.00","(1,095.73 B)",47.60%,"5,460,090.00","1,743.33","1,740.00","39,127.72 B",2.04%,"2,490.00","1,560.00",0.57%,10.00,(1.22 B),-25.74,1750,1750,1755,9770000000,56050,2050,1743,1740,1740,1755,1725,,,5605000,9766822000,1742,-1095730000000,47.6,5460090,1743.33,1740,39127720000000,2.04,2490,1560,0.57,10,-1220000000,-25.74,10,0.57
NAIK,88,"0
(0.00%)",88,89,"143,96M",16.32K,266,88,88,89,89,87,-,-,"1,632,700.00","143,961,800.00",87.00,(99.86 M),57.02%,"3,668,855.00",88.00,88.00,292.99 B,6.02%,193.00,65.00,-,-,10.16 M,2.25,88,88,89,143960000,16320,266,88,88,89,89,87,,,1632700,143961800,87,-99860000,57.02,3668855,88,88,292990000000,6.02,193,65,,,10160000,2.25,0,0
NANO,33,"3
(+10.00%)",33,-,"1,86B",565.37K,"2,16K",33,30,32,33,31,-,-,"56,537,700.00","1,857,698,200.00",28.00,(0.88 B),71.32%,"27,495,885.00",32.33,30.00,141.42 B,50.00%,88.00,20.00,10.00%,3.00,48.00 K,18.91,33,33,,1860000000,565370,2160,33,30,32,33,31,,,56537700,1857698200,28,-880000000,71.32,27495885,32.33,30,141420000000,50,88,20,10,3,48000,18.91,3,10
NASI,121,"0
(0.00%)",121,122,"85,59M",7.07K,169,121,121,122,122,120,-,-,"707,200.00","85,591,900.00",119.00,6.99 B,61.71%,"2,252,780.00",121.00,121.00,97.70 B,4.31%,238.00,79.00,-,-,-,25.69,121,121,122,85590000,7070,169,121,121,122,122,120,,,707200,85591900,119,6990000000,61.71,2252780,121,121,97700000000,4.31,238,79,,,,25.69,0,0
NCKL,845,"5
(+0.60%)",845,850,"29,50B",352.36K,"4,88K",837,840,840,850,820,-,-,"35,236,300.00","29,496,764,000.00",831.00,(555.06 B),49.73%,"41,968,550.00",838.33,840.00,"53,318.32 B",6.29%,"1,595.00",670.00,0.60%,5.00,(4.44 B),2.22,845,845,850,29500000000,352360,4880,837,840,840,850,820,,,35236300,29496764000,831,-555060000000,49.73,41968550,838.33,840,53318320000000,6.29,1595,670,0.6,5,-4440000000,2.22,5,0.6
NEST,615,"10
(-1.60%)",615,620,"1,51B",24.3K,980,620,625,625,625,615,-,-,"2,430,700.00","1,506,947,500.00",618.00,13.67 B,57.84%,"4,879,760.00",618.33,625.00,"2,529.19 B",-3.91%,660.00,246.00,-1.60%,-10.00,(0.23 B),-13.45,615,615,620,1510000000,24300,980,620,625,625,625,615,,,2430700,1506947500,618,13670000000,57.84,4879760,618.33,625,2529190000000,-3.91,660,246,-1.6,-10,-230000000,-13.45,10,-1.6
NICE,248,"24
(-8.82%)",248,250,"764,61M",29.93K,529,255,272,264,272,248,-,-,"2,993,400.00","764,612,400.00",264.00,(115.59 B),41.44%,"446,815.00",256.00,272.00,"1,508.34 B",-3.12%,525.00,216.00,-8.82%,-24.00,36.66 M,-27.58,248,248,250,764610000,29930,529,255,272,264,272,248,,,2993400,764612400,264,-115590000000,41.44,446815,256,272,1508340000000,-3.12,525,216,-8.82,-24,36660000,-27.58,24,-8.82
NICL,505,"10
(-1.94%)",500,505,"8,91B",177.29K,"1,70K",503,515,520,520,496,-,-,"17,729,000.00","8,909,171,700.00",507.00,178.51 B,42.90%,"16,283,810.00",507.00,515.00,"5,371.00 B",1.81%,"2,010.00",408.00,-1.94%,-10.00,(0.68 B),-16.07,505,500,505,8910000000,177290,1700,503,515,520,520,496,,,17729000,8909171700,507,178510000000,42.9,16283810,507,515,5371000000000,1.81,2010,408,-1.94,-10,-680000000,-16.07,10,-1.94
NIKL,189,"2
(-1.05%)",189,190,"519,42M",27.37K,539,190,191,190,192,187,-,-,"2,737,600.00","519,418,000.00",187.00,20.37 B,44.91%,"3,652,860.00",189.33,191.00,476.91 B,3.85%,580.00,167.00,-1.05%,-2.00,(10.16 M),-5.43,189,189,190,519420000,27370,539,190,191,190,192,187,,,2737600,519418000,187,20370000000,44.91,3652860,189.33,191,476910000000,3.85,580,167,-1.05,-2,-10160000,-5.43,2,-1.05
NISP,"1,240","40
(+3.33%)","1,235","1,240","8,08B",65.79K,"1,17K","1,228","1,200","1,200","1,250","1,195",-,-,"6,579,400.00","8,077,835,500.00","1,211.00","(1,238.80 B)",55.67%,"2,472,740.00","1,228.33","1,200.00","28,452.17 B",2.90%,"1,590.00","1,100.00",3.33%,40.00,(3.23 B),4.46,1240,1235,1240,8080000000,65790,1170,1228,1200,1200,1250,1195,,,6579400,8077835500,1211,-1238800000000,55.67,2472740,1228.33,1200,28452170000000,2.9,1590,1100,3.33,40,-3230000000,4.46,40,3.33
NOBU,452,"12
(+2.73%)",448,452,"1,09B",24.38K,596,448,440,440,466,434,-,-,"2,438,700.00","1,092,105,000.00",433.00,11.78 B,57.67%,"827,665.00",450.67,440.00,"3,380.26 B",8.13%,745.00,410.00,2.73%,12.00,(62.66 M),25.51,452,448,452,1090000000,24380,596,448,440,440,466,434,,,2438700,1092105000,433,11780000000,57.67,827665,450.67,440,3380260000000,8.13,745,410,2.73,12,-62660000,25.51,12,2.73
NRCA,500,"15
(-2.91%)",500,505,"4,14B",82.76K,"2,52K",501,515,515,520,490,-,-,"8,276,100.00","4,143,869,400.00",481.00,(50.35 B),60.54%,"4,984,405.00",503.33,515.00,"1,248.13 B",10.13%,"2,160.00",350.00,-2.91%,-15.00,(0.25 B),11.51,500,500,505,4140000000,82760,2520,501,515,515,520,490,,,8276100,4143869400,481,-50350000000,60.54,4984405,503.33,515,1248130000000,10.13,2160,350,-2.91,-15,-250000000,11.51,15,-2.91
OASA,320,"8
(-2.44%)",320,322,"8,12B",253.41K,"3,21K",320,328,328,330,314,-,-,"25,341,900.00","8,119,263,000.00",321.00,"1,038.04 B",59.95%,"40,566,510.00",321.33,328.00,"2,031.11 B",28.00%,590.00,141.00,-2.44%,-8.00,(0.90 B),11.42,320,320,322,8120000000,253410,3210,320,328,328,330,314,,,25341900,8119263000,321,1038040000000,59.95,40566510,321.33,328,2031110000000,28,590,141,-2.44,-8,-900000000,11.42,8,-2.44
OBMD,199,"9
(+4.74%)",198,199,"214,51M",10.99K,265,195,190,189,200,183,-,-,"1,099,500.00","214,508,900.00",185.00,(0.89 B),69.22%,"754,855.00",194.00,190.00,160.39 B,13.71%,366.00,149.00,4.74%,9.00,43.10 K,2.12,199,198,199,214510000,10990,265,195,190,189,200,183,,,1099500,214508900,185,-890000000,69.22,754855,194,190,160390000000,13.71,366,149,4.74,9,43100,2.12,9,4.74
OIL,82.49,"0.47
(-0.59%)",-,-,-,1.23K,-,-,79.60,79.57,82.76,78.61,-,-,-,-,-,-,-,-,-,-,-,-,-,-,-,-,-,-,82.49,,,,1230,,,79.6,79.57,82.76,78.61,,,,,,,,,,,,,,,,,,,0.47,-0.59
OILS,214,"0
(0.00%)",212,214,"1,37B",65.15K,"1,07K",210,214,214,214,206,-,-,"6,515,600.00","1,370,849,800.00",217.00,(0.84 B),54.28%,"25,304,110.00",211.33,214.00,97.17 B,4.90%,336.00,100.00,-,-,35.66 M,-17.76,214,212,214,1370000000,65150,1070,210,214,214,214,206,,,6515600,1370849800,217,-840000000,54.28,25304110,211.33,214,97170000000,4.9,336,100,,,35660000,-17.76,0,0
OKAS,100,"0
(0.00%)",100,101,"328,73M",32.22K,743,102,100,101,105,100,-,-,"3,222,400.00","328,726,900.00",100.00,(14.19 B),48.75%,"1,040,285.00",101.67,100.00,237.34 B,-,364.00,78.00,-,-,(30.90 M),-8.94,100,100,101,328730000,32220,743,102,100,101,105,100,,,3222400,328726900,100,-14190000000,48.75,1040285,101.67,100,237340000000,,364,78,,,-30900000,-8.94,0,0
OPMS,102,"1
(-0.97%)",102,103,"1,05B",100.79K,"1,30K",104,103,103,108,102,-,-,"10,079,900.00","1,050,615,900.00",103.00,(0.42 B),54.00%,"21,461,365.00",104.00,103.00,102.00 B,3.03%,320.00,66.00,-0.97%,-1.00,(48.15 M),2.20,102,102,103,1050000000,100790,1300,104,103,103,108,102,,,10079900,1050615900,103,-420000000,54,21461365,104,103,102000000000,3.03,320,66,-0.97,-1,-48150000,2.2,1,-0.97
PACK,210,"2
(+0.96%)",208,210,"6,37B",305.84K,"2,24K",208,208,208,214,206,-,-,"30,584,500.00","6,372,822,400.00",211.00,25.50 B,39.03%,"58,440,965.00",210.00,208.00,"6,799.78 B",-2.78%,680.00,125.00,0.96%,2.00,(0.40 B),6.60,210,208,210,6370000000,305840,2240,208,208,208,214,206,,,30584500,6372822400,211,25500000000,39.03,58440965,210,208,6799780000000,-2.78,680,125,0.96,2,-400000000,6.6,2,0.96
PADA,116,"2
(-1.69%)",115,116,"1,32B",114.18K,"1,22K",115,118,119,119,113,-,-,"11,418,400.00","1,317,498,500.00",115.00,(13.04 B),51.81%,"17,504,125.00",116.00,118.00,365.40 B,8.41%,446.00,13.00,-1.69%,-2.00,(28.03 M),9.88,116,115,116,1320000000,114180,1220,115,118,119,119,113,,,11418400,1317498500,115,-13040000000,51.81,17504125,116,118,365400000000,8.41,446,13,-1.69,-2,-28030000,9.88,2,-1.69
PADI,66,"2
(+3.12%)",66,67,"29,82B",4.55M,"15,84K",66,64,63,68,61,-,-,"455,210,600.00","29,818,885,700.00",69.00,19.45 B,43.48%,"371,722,925.00",65.00,64.00,785.30 B,-9.59%,208.00,29.00,3.12%,2.00,(1.66 B),9.18,66,66,67,29820000000,4550000,15840,66,64,63,68,61,,,455210600,29818885700,69,19450000000,43.48,371722925,65,64,785300000000,-9.59,208,29,3.12,2,-1660000000,9.18,2,3.12
PAMG,51,"1
(-1.92%)",51,52,"108,33M",21.24K,120,51,52,51,52,50,-,-,"2,124,000.00","108,332,000.00",52.00,(1.21 B),44.68%,"8,345,820.00",51.00,52.00,159.38 B,-,117.00,50.00,-1.92%,-1.00,-,0.25,51,51,52,108330000,21240,120,51,52,51,52,50,,,2124000,108332000,52,-1210000000,44.68,8345820,51,52,159380000000,,117,50,-1.92,-1,,0.25,1,-1.92
PANI,"6,200","100
(+1.64%)","6,175","6,225","33,49B",54.98K,"2,65K","6,091","6,100","6,150","6,225","5,950",-,-,"5,498,700.00","33,492,960,000.00","6,060.00",246.86 B,47.11%,"3,989,715.00","6,125.00","6,100.00","112,774.91 B",5.08%,"16,825.00","5,400.00",1.64%,100.00,2.18 B,24.27,6200,6175,6225,33490000000,54980,2650,6091,6100,6150,6225,5950,,,5498700,33492960000,6060,246860000000,47.11,3989715,6125,6100,112774910000000,5.08,16825,5400,1.64,100,2180000000,24.27,100,1.64
PANS,"1,580","0
(0.00%)","1,580","1,585","238,69M",1.51K,178,"1,581","1,580","1,575","1,585","1,575",-,-,"151,000.00","238,689,500.00","1,575.00",(11.90 B),45.54%,"967,635.00","1,580.00","1,580.00","1,137.60 B",3.61%,"1,890.00","1,300.00",-,-,(54.40 M),2.65,1580,1580,1585,238690000,1510,178,1581,1580,1575,1585,1575,,,151000,238689500,1575,-11900000000,45.54,967635,1580,1580,1137600000000,3.61,1890,1300,,,-54400000,2.65,0,0
PART,106,"3
(+2.91%)",106,107,"459,48M",43.51K,442,106,103,104,109,103,-,-,"4,351,300.00","459,483,500.00",103.00,(9.05 B),52.95%,"5,517,470.00",106.00,103.00,302.16 B,4.95%,240.00,63.00,2.91%,3.00,(17.63 M),13.96,106,106,107,459480000,43510,442,106,103,104,109,103,,,4351300,459483500,103,-9050000000,52.95,5517470,106,103,302160000000,4.95,240,63,2.91,3,-17630000,13.96,3,2.91
PBRX,26,"1
(-3.70%)",-,-,"44,04M",16.85K,145,26,27,27,27,26,-,-,"1,685,300.00","44,043,000.00",27.00,229.76 B,43.68%,"2,270,625.00",26.33,27.00,558.53 B,-,73.00,20.00,-3.70%,-1.00,-,-17.31,26,,,44040000,16850,145,26,27,27,27,26,,,1685300,44043000,27,229760000000,43.68,2270625,26.33,27,558530000000,,73,20,-3.7,-1,,-17.31,1,-3.7
PEGE,89,"6
(-6.32%)",88,89,"10,64B",1.13M,"6,51K",93,95,95,100,88,-,-,"113,919,900.00","10,641,553,000.00",100.00,18.70 B,35.26%,"28,271,065.00",92.33,95.00,317.09 B,-14.42%,310.00,81.00,-6.32%,-6.00,(0.38 B),-33.77,89,88,89,10640000000,1130000,6510,93,95,95,100,88,,,113919900,10641553000,100,18700000000,35.26,28271065,92.33,95,317090000000,-14.42,310,81,-6.32,-6,-380000000,-33.77,6,-6.32
PGAS,"1,500","10
(+0.67%)","1,505","1,510","61,13B",407.01K,"8,36K","1,502","1,490","1,500","1,510","1,490",-,-,"40,701,800.00","61,131,827,500.00","1,500.00","2,271.22 B",48.69%,"34,037,195.00","1,500.00","1,490.00","36,362.26 B",2.39%,"2,520.00","1,350.00",0.67%,10.00,(24.27 B),-30.97,1500,1505,1510,61130000000,407010,8360,1502,1490,1500,1510,1490,,,40701800,61131827500,1500,2271220000000,48.69,34037195,1500,1490,36362260000000,2.39,2520,1350,0.67,10,-24270000000,-30.97,10,0.67
PGEO,"1,005","0
(0.00%)","1,010","1,015","11,33B",112.2K,"2,55K","1,010","1,005","1,010","1,025",990,-,-,"11,220,200.00","11,332,808,000.00","1,014.00",(619.88 B),62.92%,"16,941,075.00","1,006.67","1,005.00","42,109.03 B",-,"1,855.00",770.00,-,-,1.07 B,38.99,1005,1010,1015,11330000000,112200,2550,1010,1005,1010,1025,990,,,11220200,11332808000,1014,-619880000000,62.92,16941075,1006.67,1005,42109030000000,,1855,770,,,1070000000,38.99,0,0
PGUN,"7,150","25
(+0.35%)","7,075","7,150","135,80M",195,49,"6,964","7,125","7,125","7,200","6,900",-,-,"19,500.00","135,800,000.00","7,190.00",(0.82 B),45.94%,"9,120.00","7,083.33","7,125.00","41,025.62 B",-0.69%,"29,525.00",535.00,0.35%,25.00,-,-4.73,7150,7075,7150,135800000,195,49,6964,7125,7125,7200,6900,,,19500,135800000,7190,-820000000,45.94,9120,7083.33,7125,41025620000000,-0.69,29525,535,0.35,25,,-4.73,25,0.35
PICO,125,"2
(-1.57%)",124,125,"31,17M",2.44K,111,128,127,129,131,125,-,-,"244,400.00","31,169,100.00",127.00,111.98 M,45.61%,"416,670.00",127.00,127.00,71.05 B,-1.57%,440.00,108.00,-1.57%,-2.00,1.09 M,-20.30,125,124,125,31170000,2440,111,128,127,129,131,125,,,244400,31169100,127,111980000,45.61,416670,127,127,71050000000,-1.57,440,108,-1.57,-2,1090000,-20.3,2,-1.57
PIPA,126,"1
(-0.79%)",125,126,"2,04B",161.36K,"3,49K",126,127,130,130,125,-,-,"16,136,500.00","2,038,345,300.00",126.00,(20.51 B),58.06%,"51,049,970.00",127.00,127.00,431.69 B,1.61%,625.00,57.00,-0.79%,-1.00,(96.93 M),-15.95,126,125,126,2040000000,161360,3490,126,127,130,130,125,,,16136500,2038345300,126,-20510000000,58.06,51049970,127,127,431690000000,1.61,625,57,-0.79,-1,-96930000,-15.95,1,-0.79
PJHB,34,"0
(0.00%)",34,35,"22,71M",6.6K,161,34,34,35,35,33,-,-,-,-,-,-,-,-,-,-,-,-,-,-,-,-,-,-11.61,34,34,35,22710000,6600,161,34,34,35,35,33,,,,,,,,,,,,,,,,,,-11.61,0,0
PKPK,"3,550","50
(+1.43%)","3,540","3,550","4,89B",13.99K,"1,18K","3,492","3,500","3,500","3,550","3,430",-,-,"1,399,700.00","4,887,875,000.00","3,314.00",18.99 B,73.17%,"1,755,425.00","3,510.00","3,500.00","4,260.00 B",11.64%,"3,700.00",492.00,1.43%,50.00,(0.57 B),4.12,3550,3540,3550,4890000000,13990,1180,3492,3500,3500,3550,3430,,,1399700,4887875000,3314,18990000000,73.17,1755425,3510,3500,4260000000000,11.64,3700,492,1.43,50,-570000000,4.12,50,1.43
PMUI,85,"1
(+1.19%)",84,85,"370,15M",44.04K,332,84,84,84,86,83,-,-,"4,404,900.00","370,154,400.00",83.00,(0.22 B),55.13%,"21,360,625.00",84.67,84.00,493.00 B,3.66%,178.00,59.00,1.19%,1.00,35.21 M,3.29,85,84,85,370150000,44040,332,84,84,84,86,83,,,4404900,370154400,83,-220000000,55.13,21360625,84.67,84,493000000000,3.66,178,59,1.19,1,35210000,3.29,1,1.19
PNIN,750,"15
(+2.04%)",740,750,"103,44M",1.38K,65,745,735,740,755,735,-,-,"138,800.00","103,437,000.00",734.00,(342.10 B),58.68%,"176,200.00",746.67,735.00,"3,051.24 B",2.74%,940.00,640.00,2.04%,15.00,(1.50 K),40.95,750,740,750,103440000,1380,65,745,735,740,755,735,,,138800,103437000,734,-342100000000,58.68,176200,746.67,735,3051240000000,2.74,940,640,2.04,15,-1500,40.95,15,2.04
PNLF,228,"2
(+0.88%)",228,230,"8,43B",371.59K,859,227,226,226,230,222,-,-,"37,159,900.00","8,430,697,000.00",223.00,"(1,990.23 B)",58.57%,"28,466,950.00",226.67,226.00,"7,301.03 B",5.56%,334.00,190.00,0.88%,2.00,(1.57 B),0.53,228,228,230,8430000000,371590,859,227,226,226,230,222,,,37159900,8430697000,223,-1990230000000,58.57,28466950,226.67,226,7301030000000,5.56,334,190,0.88,2,-1570000000,0.53,2,0.88
POWR,715,"5
(-0.69%)",715,720,"1,98B",27.55K,584,720,720,720,725,715,-,-,"2,755,500.00","1,984,207,000.00",717.00,(741.60 B),55.64%,"2,831,035.00",718.33,720.00,"11,502.32 B",-,790.00,670.00,-0.69%,-5.00,522.00 M,-4.09,715,715,720,1980000000,27550,584,720,720,720,725,715,,,2755500,1984207000,717,-741600000000,55.64,2831035,718.33,720,11502320000000,,790,670,-0.69,-5,522000000,-4.09,5,-0.69
PPRE,113,"1
(+0.89%)",112,113,"13,21B",1.15M,"8,66K",114,112,112,117,110,-,-,"115,529,500.00","13,211,072,100.00",109.00,(0.30 B),57.60%,"95,045,215.00",113.33,112.00,"1,155.34 B",10.78%,322.00,56.00,0.89%,1.00,(0.42 B),1.73,113,112,113,13210000000,1150000,8660,114,112,112,117,110,,,115529500,13211072100,109,-300000000,57.6,95045215,113.33,112,1155340000000,10.78,322,56,0.89,1,-420000000,1.73,1,0.89
PPRI,152,"1
(+0.66%)",152,153,"98,77M",6.47K,184,152,151,152,157,150,-,-,"647,900.00","98,767,900.00",150.00,169.02 M,58.48%,"1,850,440.00",153.00,151.00,163.40 B,5.56%,580.00,98.00,0.66%,1.00,(2.00 K),-14.22,152,152,153,98770000,6470,184,152,151,152,157,150,,,647900,98767900,150,169020000,58.48,1850440,153,151,163400000000,5.56,580,98,0.66,1,-2000,-14.22,1,0.66
PRDA,"2,390","0
(0.00%)","2,390","2,400","1,35B",5.64K,722,"2,384","2,390","2,390","2,410","2,360",-,-,"564,600.00","1,345,889,000.00","2,390.00",(437.38 B),43.79%,"1,226,230.00","2,386.67","2,390.00","2,240.62 B",-1.65%,"3,010.00","2,230.00",-,-,9.43 M,-21.60,2390,2390,2400,1350000000,5640,722,2384,2390,2390,2410,2360,,,564600,1345889000,2390,-437380000000,43.79,1226230,2386.67,2390,2240620000000,-1.65,3010,2230,,,9430000,-21.6,0,0
PRIM,92,"1
(-1.08%)",92,93,"536,10M",58.78K,403,91,93,94,94,89,-,-,"5,878,700.00","536,104,400.00",95.00,3.11 B,54.53%,"8,889,470.00",91.67,93.00,312.20 B,-4.17%,116.00,58.00,-1.08%,-1.00,5.80 M,-16.30,92,92,93,536100000,58780,403,91,93,94,94,89,,,5878700,536104400,95,3110000000,54.53,8889470,91.67,93,312200000000,-4.17,116,58,-1.08,-1,5800000,-16.3,1,-1.08
PSAB,426,"0
(0.00%)",420,422,"32,79B",779.02K,"5,06K",421,426,426,428,414,-,-,"77,902,900.00","32,792,217,800.00",418.00,(1.15 B),49.03%,"83,796,475.00",422.67,426.00,"11,271.96 B",4.93%,755.00,360.00,-,-,(2.85 B),-5.25,426,420,422,32790000000,779020,5060,421,426,426,428,414,,,77902900,32792217800,418,-1150000000,49.03,83796475,422.67,426,11271960000000,4.93,755,360,,,-2850000000,-5.25,0,0
PSAT,845,"5
(+0.60%)",835,845,"61,97M",745,57,832,840,825,845,800,-,-,"74,500.00","61,966,000.00",838.00,2.11 B,56.93%,"104,135.00",830.00,840.00,"1,252.59 B",6.29%,"2,950.00",640.00,0.60%,5.00,-,22.51,845,835,845,61970000,745,57,832,840,825,845,800,,,74500,61966000,838,2110000000,56.93,104135,830,840,1252590000000,6.29,2950,640,0.6,5,,22.51,5,0.6
PSGO,199,"0
(0.00%)",198,199,"25,89M",1.3K,48,198,199,199,199,197,-,-,"130,900.00","25,889,000.00",198.00,(1.51 B),55.88%,"130,245.00",198.33,199.00,"3,751.15 B",-,290.00,163.00,-,-,-,-0.94,199,198,199,25890000,1300,48,198,199,199,199,197,,,130900,25889000,198,-1510000000,55.88,130245,198.33,199,3751150000000,,290,163,,,,-0.94,0,0
PSKT,199,"6
(+3.11%)",196,197,"1,38B",69.74K,790,197,193,193,200,193,-,-,"6,974,900.00","1,376,110,400.00",194.00,(57.26 B),53.68%,"6,777,205.00",197.33,193.00,"2,059.90 B",5.29%,438.00,32.00,3.11%,6.00,218.07 M,-6.52,199,196,197,1380000000,69740,790,197,193,193,200,193,,,6974900,1376110400,194,-57260000000,53.68,6777205,197.33,193,2059900000000,5.29,438,32,3.11,6,218070000,-6.52,6,3.11
PTBA,"2,410","10
(-0.41%)","2,410","2,420","36,46B",150.88K,"6,94K","2,417","2,420","2,420","2,440","2,400",-,-,"15,088,000.00","36,460,421,000.00","2,416.00","3,811.59 B",44.41%,"12,330,410.00","2,416.67","2,420.00","27,764.79 B",1.26%,"3,220.00","2,170.00",-0.41%,-10.00,(0.95 B),-20.17,2410,2410,2420,36460000000,150880,6940,2417,2420,2420,2440,2400,,,15088000,36460421000,2416,3811590000000,44.41,12330410,2416.67,2420,27764790000000,1.26,3220,2170,-0.41,-10,-950000000,-20.17,10,-0.41
PTMP,62,"0
(0.00%)",61,62,"898,19M",145K,615,62,62,61,63,61,-,-,"14,500,200.00","898,187,200.00",62.00,2.36 B,55.96%,"44,465,155.00",62.00,62.00,196.49 B,3.33%,119.00,50.00,-,-,(7.48 M),8.44,62,61,62,898190000,145000,615,62,62,61,63,61,,,14500200,898187200,62,2360000000,55.96,44465155,62,62,196490000000,3.33,119,50,,,-7480000,8.44,0,0
PTPP,210,"2
(+0.96%)",206,210,"534,39M",25.67K,434,208,208,206,210,204,-,-,"2,567,800.00","534,391,200.00",205.00,165.48 B,60.55%,"4,874,390.00",208.00,208.00,"1,301.98 B",7.69%,448.00,168.00,0.96%,2.00,103.06 M,-7.13,210,206,210,534390000,25670,434,208,208,206,210,204,,,2567800,534391200,205,165480000000,60.55,4874390,208,208,1301980000000,7.69,448,168,0.96,2,103060000,-7.13,2,0.96
PTRO,"4,070","10
(-0.25%)","4,070","4,080","84,71B",207.42K,"8,89K","4,084","4,080","4,110","4,140","4,050",-,-,"20,742,300.00","84,710,899,000.00","4,006.00",(178.23 B),50.62%,"25,192,820.00","4,086.67","4,080.00","41,050.22 B",5.17%,"13,000.00","3,170.00",-0.25%,-10.00,(25.96 B),-39.58,4070,4070,4080,84710000000,207420,8890,4084,4080,4110,4140,4050,,,20742300,84710899000,4006,-178230000000,50.62,25192820,4086.67,4080,41050220000000,5.17,13000,3170,-0.25,-10,-25960000000,-39.58,10,-0.25
PTSN,250,"2
(+0.81%)",248,250,"84,64M",3.41K,81,248,248,248,250,246,-,-,"341,600.00","84,639,400.00",245.00,(1.18 B),55.38%,"295,175.00",248.67,248.00,"1,328.59 B",5.04%,550.00,202.00,0.81%,2.00,(5.90 M),1.60,250,248,250,84640000,3410,81,248,248,248,250,246,,,341600,84639400,245,-1180000000,55.38,295175,248.67,248,1328590000000,5.04,550,202,0.81,2,-5900000,1.6,2,0.81
PTSP,880,"15
(-1.68%)",875,880,"2,38M",27,12,882,895,895,895,875,-,-,"2,700.00","2,381,000.00",884.00,4.21 B,49.71%,"9,480.00",883.33,895.00,194.31 B,-1.12%,"1,640.00",810.00,-1.68%,-15.00,-,8.41,880,875,880,2380000,27,12,882,895,895,895,875,,,2700,2381000,884,4210000000,49.71,9480,883.33,895,194310000000,-1.12,1640,810,-1.68,-15,,8.41,15,-1.68
PURI,134,"1
(-0.74%)",133,134,"45,09M",3.36K,97,134,135,135,136,132,-,-,"336,500.00","45,090,700.00",134.00,(41.23 B),47.08%,"847,465.00",134.00,135.00,134.00 B,-0.74%,"1,385.00",111.00,-0.74%,-1.00,-,1.77,134,133,134,45090000,3360,97,134,135,135,136,132,,,336500,45090700,134,-41230000000,47.08,847465,134,135,134000000000,-0.74,1385,111,-0.74,-1,,1.77,1,-0.74
PWON,270,"4
(+1.50%)",268,270,"17,56B",655.24K,"4,48K",268,266,266,272,262,-,-,"65,524,500.00","17,561,159,400.00",262.00,60.85 B,57.50%,"44,496,195.00",268.00,266.00,"13,003.09 B",5.47%,440.00,236.00,1.50%,4.00,(4.94 B),-30.39,270,268,270,17560000000,655240,4480,268,266,266,272,262,,,65524500,17561159400,262,60850000000,57.5,44496195,268,266,13003090000000,5.47,440,236,1.5,4,-4940000000,-30.39,4,1.5
PYFA,206,"6
(-2.83%)",204,208,"2,01B",98.01K,"1,02K",205,212,210,210,202,-,-,"9,801,000.00","2,009,003,600.00",208.00,(91.58 B),47.36%,"12,006,735.00",206.00,212.00,"2,314.77 B",1.98%,700.00,158.00,-2.83%,-6.00,(0.48 B),-28.04,206,204,208,2010000000,98010,1020,205,212,210,210,202,,,9801000,2009003600,208,-91580000000,47.36,12006735,206,212,2314770000000,1.98,700,158,-2.83,-6,-480000000,-28.04,6,-2.83
PZZA,186,"1
(-0.53%)",185,186,"32,51M",1.74K,75,186,187,187,188,185,-,-,"174,800.00","32,508,100.00",185.00,21.70 B,51.70%,"483,600.00",186.33,187.00,562.07 B,1.64%,310.00,150.00,-0.53%,-1.00,5.22 M,-10.88,186,185,186,32510000,1740,75,186,187,187,188,185,,,174800,32508100,185,21700000000,51.7,483600,186.33,187,562070000000,1.64,310,150,-0.53,-1,5220000,-10.88,1,-0.53
RAFI,36,"0
(0.00%)",-,-,-,-,-,-,36,36,36,36,-,-,-,-,36.00,2.80 B,40.45%,-,36.00,36.00,112.61 B,-,56.00,15.00,-,-,-,-23.72,36,,,,,,,36,36,36,36,,,,,36,2800000000,40.45,,36,36,112610000000,,56,15,,,,-23.72,0,0
RAJA,885,"10
(+1.14%)",890,895,"126,82B",1.41M,"23,42K",897,875,875,915,875,-,-,"141,368,800.00","126,824,908,000.00",901.00,(269.80 B),58.15%,"184,984,800.00",891.67,875.00,"18,704.84 B",2.91%,"1,695.00",462.00,1.14%,10.00,1.54 B,18.32,885,890,895,126820000000,1410000,23420,897,875,875,915,875,,,141368800,126824908000,901,-269800000000,58.15,184984800,891.67,875,18704840000000,2.91,1695,462,1.14,10,1540000000,18.32,10,1.14
RANC,510,"5
(-0.97%)",510,515,"81,31M",1.56K,77,519,515,515,535,505,-,-,"156,600.00","81,313,000.00",518.00,(46.87 B),45.01%,"89,825.00",516.67,515.00,797.89 B,-2.86%,"1,240.00",400.00,-0.97%,-5.00,(0.51 M),4.27,510,510,515,81310000,1560,77,519,515,515,535,505,,,156600,81313000,518,-46870000000,45.01,89825,516.67,515,797890000000,-2.86,1240,400,-0.97,-5,-510000,4.27,5,-0.97
RATU,"4,980","20
(-0.40%)","5,000","5,025","31,85B",63.68K,"3,66K","5,001","5,000","5,050","5,075","4,910",-,-,"6,368,500.00","31,849,391,000.00","5,166.00",841.35 B,47.63%,"7,179,255.00","4,988.33","5,000.00","13,520.97 B",-6.92%,"12,900.00","3,620.00",-0.40%,-20.00,1.26 B,-26.80,4980,5000,5025,31850000000,63680,3660,5001,5000,5050,5075,4910,,,6368500,31849391000,5166,841350000000,47.63,7179255,4988.33,5000,13520970000000,-6.92,12900,3620,-0.4,-20,1260000000,-26.8,20,-0.4
RBMS,75,"6
(+8.70%)",74,75,"32,96B",4.71M,"19,31K",70,69,72,76,65,-,-,"471,375,800.00","32,963,965,700.00",64.00,7.76 B,63.51%,"170,785,000.00",72.00,69.00,199.22 B,13.64%,85.00,23.00,8.70%,6.00,(0.75 B),33.41,75,74,75,32960000000,4710000,19310,70,69,72,76,65,,,471375800,32963965700,64,7760000000,63.51,170785000,72,69,199220000000,13.64,85,23,8.7,6,-750000000,33.41,6,8.7
REAL,50,"0
(0.00%)",-,50,"315,85M",63.16K,579,50,50,50,51,50,-,-,"6,316,800.00","315,851,100.00",50.00,(41.79 B),42.96%,"17,537,195.00",50.33,50.00,331.68 B,-,116.00,39.00,-,-,-,0.38,50,,50,315850000,63160,579,50,50,50,51,50,,,6316800,315851100,50,-41790000000,42.96,17537195,50.33,50,331680000000,,116,39,,,,0.38,0,0
RELI,498,"16
(+3.32%)",476,496,"2,64M",55,19,480,482,472,498,472,-,-,"5,500.00","2,637,400.00",486.00,5.57 B,56.44%,"5,310.00",489.33,482.00,896.40 B,2.47%,"1,100.00",418.00,3.32%,16.00,-,4.88,498,476,496,2640000,55,19,480,482,472,498,472,,,5500,2637400,486,5570000000,56.44,5310,489.33,482,896400000000,2.47,1100,418,3.32,16,,4.88,16,3.32
RGAS,214,"0
(0.00%)",210,212,"2,45B",117.35K,834,208,214,214,214,202,-,-,"11,735,700.00","2,446,006,800.00",212.00,6.64 B,64.38%,"66,241,365.00",210.00,214.00,312.28 B,1.90%,228.00,81.00,-,-,391.33 M,5.14,214,210,212,2450000000,117350,834,208,214,214,214,202,,,11735700,2446006800,212,6640000000,64.38,66241365,210,214,312280000000,1.9,228,81,,,391330000,5.14,0,0
RMKE,444,"52
(-10.48%)",444,446,"53,88B",1.17M,"9,80K",458,496,482,496,436,-,-,"117,767,900.00","53,884,856,800.00",467.00,(102.19 B),46.21%,"80,015,220.00",458.67,496.00,"9,712.50 B",5.21%,"1,900.00",101.00,-10.48%,-52.00,(11.69 B),-8.79,444,444,446,53880000000,1170000,9800,458,496,482,496,436,,,117767900,53884856800,467,-102190000000,46.21,80015220,458.67,496,9712500000000,5.21,1900,101,-10.48,-52,-11690000000,-8.79,52,-10.48
ROCK,"1,785","30
(+1.71%)","1,755","1,785","13,05M",74,31,"1,763","1,755","1,750","1,800","1,750",-,-,"7,400.00","13,045,000.00","1,788.00",(0.10 B),49.35%,"31,285.00","1,778.33","1,755.00","2,561.81 B",-1.92%,"4,300.00",228.00,1.71%,30.00,-,-3.57,1785,1755,1785,13050000,74,31,1763,1755,1750,1800,1750,,,7400,13045000,1788,-100000000,49.35,31285,1778.33,1755,2561810000000,-1.92,4300,228,1.71,30,,-3.57,30,1.71
RONY,"1,355","120
(+9.72%)","1,360","1,390","697,88M",4.79K,989,"1,456","1,235","1,540","1,540","1,310",-,-,"479,200.00","697,877,500.00","1,108.00",(4.01 B),67.32%,"82,215.00","1,401.67","1,235.00","1,693.75 B",44.15%,"5,200.00",740.00,9.72%,120.00,(63.97 M),-19.87,1355,1360,1390,697880000,4790,989,1456,1235,1540,1540,1310,,,479200,697877500,1108,-4010000000,67.32,82215,1401.67,1235,1693750000000,44.15,5200,740,9.72,120,-63970000,-19.87,120,9.72
RSCH,274,"16
(+6.20%)",272,274,"8,61B",322.04K,"1,74K",267,258,258,274,254,-,-,"32,204,300.00","8,607,577,800.00",268.00,2.38 B,44.65%,"22,214,575.00",267.33,258.00,726.10 B,-2.84%,500.00,248.00,6.20%,16.00,263.48 M,8.83,274,272,274,8610000000,322040,1740,267,258,258,274,254,,,32204300,8607577800,268,2380000000,44.65,22214575,267.33,258,726100000000,-2.84,500,248,6.2,16,263480000,8.83,16,6.2
RUIS,202,"4
(-1.94%)",204,206,"75,51M",3.64K,101,207,206,206,212,200,-,-,"364,300.00","75,510,000.00",200.00,73.53 B,58.03%,"780,280.00",204.67,206.00,155.54 B,4.12%,340.00,143.00,-1.94%,-4.00,-,11.97,202,204,206,75510000,3640,101,207,206,206,212,200,,,364300,75510000,200,73530000000,58.03,780280,204.67,206,155540000000,4.12,340,143,-1.94,-4,,11.97,4,-1.94
SAFE,374,"4
(+1.08%)",372,374,"73,43M",1.97K,49,371,370,370,374,358,-,-,"197,900.00","73,433,200.00",364.00,(11.52 B),70.73%,"185,740.00",368.67,370.00,307.13 B,6.86%,505.00,168.00,1.08%,4.00,-,5.50,374,372,374,73430000,1970,49,371,370,370,374,358,,,197900,73433200,364,-11520000000,70.73,185740,368.67,370,307130000000,6.86,505,168,1.08,4,,5.5,4,1.08
SAME,306,"2
(-0.65%)",306,308,"257,07M",8.49K,192,302,308,306,308,300,-,-,"849,900.00","257,066,800.00",306.00,6.03 B,43.70%,"3,696,545.00",304.67,308.00,"5,252.38 B",2.00%,444.00,246.00,-0.65%,-2.00,114.60 K,-36.90,306,306,308,257070000,8490,192,302,308,306,308,300,,,849900,257066800,306,6030000000,43.7,3696545,304.67,308,5252380000000,2,444,246,-0.65,-2,114600,-36.9,2,-0.65
SAPX,212,"2
(+0.95%)",208,212,"12,37M",597,53,207,210,208,212,202,-,-,"59,700.00","12,374,600.00",212.00,(25.43 B),49.52%,"111,080.00",208.67,210.00,176.67 B,1.92%,390.00,180.00,0.95%,2.00,-,-19.58,212,208,212,12370000,597,53,207,210,208,212,202,,,59700,12374600,212,-25430000000,49.52,111080,208.67,210,176670000000,1.92,390,180,0.95,2,,-19.58,2,0.95
SATU,272,"2
(-0.73%)",272,274,"34,66M",1.27K,26,273,274,274,274,272,-,-,"127,100.00","34,657,800.00",273.00,2.16 B,50.15%,"1,375,975.00",272.67,274.00,374.00 B,-0.73%,290.00,224.00,-0.73%,-2.00,(6.17 M),1.25,272,272,274,34660000,1270,26,273,274,274,274,272,,,127100,34657800,273,2160000000,50.15,1375975,272.67,274,374000000000,-0.73,290,224,-0.73,-2,-6170000,1.25,2,-0.73
SCMA,206,"4
(-1.90%)",208,210,"6,93B",334.19K,"2,66K",207,210,212,212,204,-,-,"33,419,400.00","6,929,128,600.00",206.00,"(1,171.92 B)",46.93%,"46,163,760.00",207.33,210.00,"15,237.94 B",-0.96%,472.00,163.00,-1.90%,-4.00,(3.15 B),-50.99,206,208,210,6930000000,334190,2660,207,210,212,212,204,,,33419400,6929128600,206,-1171920000000,46.93,46163760,207.33,210,15237940000000,-0.96,472,163,-1.9,-4,-3150000000,-50.99,4,-1.9
SDMU,84,"2
(+2.44%)",84,85,"4,20B",494.76K,"2,97K",85,82,82,87,81,-,-,"49,476,400.00","4,196,887,000.00",81.00,(23.12 B),54.31%,"44,464,925.00",84.00,82.00,189.06 B,5.00%,151.00,36.00,2.44%,2.00,(0.15 B),-7.94,84,84,85,4200000000,494760,2970,85,82,82,87,81,,,49476400,4196887000,81,-23120000000,54.31,44464925,84,82,189060000000,5,151,36,2.44,2,-150000000,-7.94,2,2.44
SEMA,97,"2
(+2.11%)",95,97,"42,83M",4.45K,212,96,95,97,98,94,-,-,"445,300.00","42,825,300.00",93.00,3.48 B,55.55%,"1,664,950.00",96.33,95.00,130.68 B,6.59%,170.00,80.00,2.11%,2.00,189.30 K,8.10,97,95,97,42830000,4450,212,96,95,97,98,94,,,445300,42825300,93,3480000000,55.55,1664950,96.33,95,130680000000,6.59,170,80,2.11,2,189300,8.1,2,2.11
SGER,458,"16
(+3.62%)",456,458,"11,99B",265.22K,"4,48K",452,442,442,462,430,-,-,"26,522,000.00","11,993,196,800.00",439.00,10.51 B,68.46%,"18,706,340.00",450.00,442.00,"7,138.80 B",12.81%,700.00,216.00,3.62%,16.00,(0.26 B),32.49,458,456,458,11990000000,265220,4480,452,442,442,462,430,,,26522000,11993196800,439,10510000000,68.46,18706340,450,442,7138800000000,12.81,700,216,3.62,16,-260000000,32.49,16,3.62
SHID,580,"0
(0.00%)",565,580,"4,58M",79,11,580,580,580,580,580,-,-,"7,900.00","4,582,000.00",566.00,16.58 B,38.75%,"36,775.00",580.00,580.00,649.21 B,1.75%,"1,310.00",540.00,-,-,-,1.47,580,565,580,4580000,79,11,580,580,580,580,580,,,7900,4582000,566,16580000000,38.75,36775,580,580,649210000000,1.75,1310,540,,,,1.47,0,0
SHIP,"1,720","35
(+2.08%)","1,695","1,715","14,90M",88,39,"1,694","1,685","1,685","1,720","1,675",-,-,"8,800.00","14,903,500.00","1,708.00",30.30 B,47.17%,"64,660.00","1,705.00","1,685.00","4,678.04 B",1.18%,"7,700.00","1,295.00",2.08%,35.00,-,-1.67,1720,1695,1715,14900000,88,39,1694,1685,1685,1720,1675,,,8800,14903500,1708,30300000000,47.17,64660,1705,1685,4678040000000,1.18,7700,1295,2.08,35,,-1.67,35,2.08
SICO,106,"2
(-1.85%)",106,107,"153,20M",14.3K,291,107,108,108,109,106,-,-,"1,430,000.00","153,203,600.00",107.00,1.11 B,50.52%,"1,879,560.00",107.00,108.00,96.47 B,-,179.00,92.00,-1.85%,-2.00,-,-19.16,106,106,107,153200000,14300,291,107,108,108,109,106,,,1430000,153203600,107,1110000000,50.52,1879560,107,108,96470000000,,179,92,-1.85,-2,,-19.16,2,-1.85
SIDO,380,"4
(-1.04%)",378,380,"9,27B",243.88K,"5,26K",380,384,384,384,378,-,-,"24,388,700.00","9,265,944,000.00",384.00,(165.52 B),47.27%,"13,022,955.00",380.67,384.00,"11,400.00 B",-,585.00,350.00,-1.04%,-4.00,(6.80 B),-51.20,380,378,380,9270000000,243880,5260,380,384,384,384,378,,,24388700,9265944000,384,-165520000000,47.27,13022955,380.67,384,11400000000000,,585,350,-1.04,-4,-6800000000,-51.2,4,-1.04
SILO,"2,180","10
(+0.46%)","2,180","2,190","991,35M",4.62K,318,"2,145","2,170","2,180","2,200","2,110",-,-,"462,100.00","991,347,000.00","2,182.00",(145.94 B),44.97%,"193,875.00","2,163.33","2,170.00","28,353.35 B",0.93%,"2,880.00","1,830.00",0.46%,10.00,(0.54 B),-25.82,2180,2180,2190,991350000,4620,318,2145,2170,2180,2200,2110,,,462100,991347000,2182,-145940000000,44.97,193875,2163.33,2170,28353350000000,0.93,2880,1830,0.46,10,-540000000,-25.82,10,0.46
SIMP,550,"5
(-0.90%)",550,555,"3,55B",64.47K,"1,19K",550,555,555,555,545,-,-,"6,447,500.00","3,548,511,000.00",548.00,(79.46 B),50.23%,"8,599,805.00",550.00,555.00,"8,525.72 B",2.80%,930.00,470.00,-0.90%,-5.00,(1.16 B),-7.85,550,550,555,3550000000,64470,1190,550,555,555,555,545,,,6447500,3548511000,548,-79460000000,50.23,8599805,550,555,8.52572e+12,2.8,930,470,-0.9,-5,-1160000000,-7.85,5,-0.9
SMBR,157,"3
(+1.95%)",157,158,"326,24M",20.85K,309,156,154,154,158,154,-,-,"2,085,200.00","326,239,200.00",153.00,(174.42 B),51.59%,"3,045,845.00",156.33,154.00,"1,559.41 B",4.67%,338.00,129.00,1.95%,3.00,(4.56 M),23.52,157,157,158,326240000,20850,309,156,154,154,158,154,,,2085200,326239200,153,-174420000000,51.59,3045845,156.33,154,1559410000000,4.67,338,129,1.95,3,-4560000,23.52,3,1.95
SMDR,290,"4
(+1.40%)",288,290,"1,24B",43.18K,862,287,286,290,290,284,-,-,"4,318,500.00","1,241,004,000.00",284.00,(29.26 B),54.30%,"6,069,105.00",288.00,286.00,"4,748.92 B",5.84%,474.00,250.00,1.40%,4.00,(0.46 B),13.40,290,288,290,1240000000,43180,862,287,286,290,290,284,,,4318500,1241004000,284,-29260000000,54.3,6069105,288,286,4748920000000,5.84,474,250,1.4,4,-460000000,13.4,4,1.4
SMGA,69,"0
(0.00%)",68,69,"671,93M",97.74K,705,69,69,69,70,67,-,-,"9,774,900.00","671,930,400.00",68.00,6.13 B,52.63%,"7,764,195.00",68.67,69.00,603.75 B,7.81%,155.00,51.00,-,-,(27.05 M),-6.04,69,68,69,671930000,97740,705,69,69,69,70,67,,,9774900,671930400,68,6130000000,52.63,7764195,68.67,69,603750000000,7.81,155,51,,,-27050000,-6.04,0,0
SMGR,"1,505","10
(+0.67%)","1,510","1,515","35,56B",236.97K,"4,23K","1,500","1,495","1,495","1,520","1,475",-,-,"23,697,600.00","35,557,326,500.00","1,465.00","(6,341.40 B)",48.73%,"18,492,010.00","1,500.00","1,495.00","10,161.07 B",6.36%,"3,260.00","1,380.00",0.67%,10.00,(3.45 B),-16.18,1505,1510,1515,35560000000,236970,4230,1500,1495,1495,1520,1475,,,23697600,35557326500,1465,-6341400000000,48.73,18492010,1500,1495,10161070000000,6.36,3260,1380,0.67,10,-3450000000,-16.18,10,0.67
SMIL,318,"0
(0.00%)",314,316,"8,38B",265.42K,"1,01K",316,318,316,320,310,-,-,"26,542,400.00","8,379,866,000.00",315.00,(90.54 B),69.91%,"27,292,995.00",316.00,318.00,"2,783.03 B",5.30%,790.00,214.00,-,-,(0.86 B),17.81,318,314,316,8380000000,265420,1010,316,318,316,320,310,,,26542400,8379866000,315,-90540000000,69.91,27292995,316,318,2783030000000,5.3,790,214,,,-860000000,17.81,0,0
SMKM,75,"1
(+1.35%)",74,75,"322,43M",43.2K,379,75,74,74,78,73,-,-,"4,320,200.00","322,430,700.00",70.00,(78.79 B),60.99%,"3,545,425.00",75.33,74.00,93.97 B,15.38%,324.00,55.00,1.35%,1.00,(0.12 B),-7.49,75,74,75,322430000,43200,379,75,74,74,78,73,,,4320200,322430700,70,-78790000000,60.99,3545425,75.33,74,93970000000,15.38,324,55,1.35,1,-120000000,-7.49,1,1.35
SMRA,302,"4
(+1.34%)",302,304,"2,21B",73.43K,777,300,298,300,304,296,-,-,"7,343,800.00","2,205,233,600.00",292.00,(780.82 B),61.10%,"13,428,460.00",300.67,298.00,"4,985.59 B",7.09%,488.00,254.00,1.34%,4.00,(0.37 B),53.01,302,302,304,2210000000,73430,777,300,298,300,304,296,,,7343800,2205233600,292,-780820000000,61.1,13428460,300.67,298,4985590000000,7.09,488,254,1.34,4,-370000000,53.01,4,1.34
SOCI,356,"4
(-1.11%)",356,358,"1,24B",34.51K,687,358,360,358,362,354,-,-,"3,451,600.00","1,235,056,600.00",362.00,(63.21 B),53.69%,"14,695,960.00",357.33,360.00,"2,513.00 B",0.56%,780.00,168.00,-1.11%,-4.00,(0.19 B),-26.61,356,356,358,1240000000,34510,687,358,360,358,362,354,,,3451600,1235056600,362,-63210000000,53.69,14695960,357.33,360,2513000000000,0.56,780,168,-1.11,-4,-190000000,-26.61,4,-1.11
SOLA,106,"2
(-1.85%)",106,107,"183,20M",17.22K,365,106,108,108,108,105,-,-,"1,722,100.00","183,196,500.00",104.00,(0.32 B),54.70%,"2,196,495.00",106.33,108.00,348.46 B,4.95%,206.00,75.00,-1.85%,-2.00,(0.71 M),-20.72,106,106,107,183200000,17220,365,106,108,108,108,105,,,1722100,183196500,104,-320000000,54.7,2196495,106.33,108,348460000000,4.95,206,75,-1.85,-2,-710000,-20.72,2,-1.85
SONA,"2,250","10
(-0.44%)","2,250","2,260","45,68M",203,11,"2,250","2,260","2,260","2,260","2,240",-,-,"20,300.00","45,682,000.00","2,252.00",(0.49 B),54.88%,"25,825.00","2,250.00","2,260.00","1,490.40 B",0.45%,"5,500.00","1,730.00",-0.44%,-10.00,-,16.26,2250,2250,2260,45680000,203,11,2250,2260,2260,2260,2240,,,20300,45682000,2252,-490000000,54.88,25825,2250,2260,1490400000000,0.45,5500,1730,-0.44,-10,,16.26,10,-0.44
SOSS,905,"80
(+9.70%)",-,-,"4,79M",58,10,826,825,825,905,825,-,-,"5,800.00","4,793,000.00",925.00,53.66 M,53.74%,"12,355.00",878.33,825.00,881.95 B,-18.10%,"1,620.00",410.00,9.70%,80.00,-,-5.88,905,,,4790000,58,10,826,825,825,905,825,,,5800,4793000,925,53660000,53.74,12355,878.33,825,881950000000,-18.1,1620,410,9.7,80,,-5.88,80,9.7
SPMA,169,"1
(+0.60%)",168,169,"62,47M",3.7K,92,169,168,168,171,168,-,-,"370,100.00","62,465,400.00",169.00,183.95 B,60.77%,"1,060,050.00",169.33,168.00,900.84 B,-1.74%,260.00,137.00,0.60%,1.00,10.32 M,-6.99,169,168,169,62470000,3700,92,169,168,168,171,168,,,370100,62465400,169,183950000000,60.77,1060050,169.33,168,900840000000,-1.74,260,137,0.6,1,10320000,-6.99,1,0.6
SPRE,84,"1
(+1.20%)",83,84,"103,87M",12.92K,254,80,83,76,84,76,-,-,"1,292,600.00","103,871,500.00",83.00,3.20 B,54.82%,"1,904,035.00",81.33,83.00,67.20 B,5.00%,356.00,59.00,1.20%,1.00,-,-12.99,84,83,84,103870000,12920,254,80,83,76,84,76,,,1292600,103871500,83,3200000000,54.82,1904035,81.33,83,67200000000,5,356,59,1.2,1,,-12.99,1,1.2
SQMI,67,"8
(+13.56%)",67,68,"10,97B",1.53M,"5,30K",72,59,58,79,58,-,-,"153,185,800.00","10,967,874,600.00",61.00,13.64 B,68.79%,"31,783,495.00",68.00,59.00,"1,041.02 B",26.42%,80.00,30.00,13.56%,8.00,(0.27 B),33.93,67,67,68,10970000000,1530000,5300,72,59,58,79,58,,,153185800,10967874600,61,13640000000,68.79,31783495,68,59,1041020000000,26.42,80,30,13.56,8,-270000000,33.93,8,13.56
SRSN,66,"1
(+1.54%)",65,66,"719,09M",110.43K,438,65,65,65,66,64,-,-,"11,043,500.00","719,090,300.00",65.00,9.18 B,50.17%,"38,003,165.00",65.33,65.00,397.32 B,1.54%,83.00,50.00,1.54%,1.00,(0.26 B),-1.45,66,65,66,719090000,110430,438,65,65,65,66,64,,,11043500,719090300,65,9180000000,50.17,38003165,65.33,65,397320000000,1.54,83,50,1.54,1,-260000000,-1.45,1,1.54
SRTG,"1,710","25
(+1.48%)","1,705","1,710","16,08B",93.9K,"2,34K","1,713","1,685","1,685","1,735","1,670",-,-,"9,390,900.00","16,083,067,000.00","1,661.00",(433.61 B),67.91%,"2,739,940.00","1,705.00","1,685.00","23,195.87 B",7.89%,"2,200.00","1,235.00",1.48%,25.00,5.53 B,-5.89,1710,1705,1710,16080000000,93900,2340,1713,1685,1685,1735,1670,,,9390900,16083067000,1661,-433610000000,67.91,2739940,1705,1685,23195870000000,7.89,2200,1235,1.48,25,5530000000,-5.89,25,1.48
SSIA,"1,750","30
(-1.69%)","1,755","1,760","62,13B",357.95K,"9,61K","1,736","1,780","1,800","1,805","1,705",-,-,"35,795,700.00","62,127,807,000.00","1,614.00",(958.36 B),66.72%,"13,610,875.00","1,753.33","1,780.00","8,234.19 B",18.64%,"3,160.00","1,075.00",-1.69%,-30.00,(5.46 B),12.38,1750,1755,1760,62130000000,357950,9610,1736,1780,1800,1805,1705,,,35795700,62127807000,1614,-958360000000,66.72,13610875,1753.33,1780,8.23419e+12,18.64,3160,1075,-1.69,-30,-5460000000,12.38,30,-1.69
SSMS,940,"5
(-0.53%)",930,940,"10,32B",111.41K,"1,71K",926,945,945,950,910,-,-,"11,141,900.00","10,321,005,000.00",894.00,"1,373.90 B",66.16%,"11,994,905.00",933.33,945.00,"8,953.50 B",15.34%,"1,920.00",650.00,-0.53%,-5.00,(1.58 B),-9.97,940,930,940,10320000000,111410,1710,926,945,945,950,910,,,11141900,10321005000,894,1373900000000,66.16,11994905,933.33,945,8953500000000,15.34,1920,650,-0.53,-5,-1580000000,-9.97,5,-0.53
SSTM,394,"2
(+0.51%)",388,394,"42,19M",1.06K,177,395,392,394,408,384,-,-,"106,700.00","42,186,600.00",386.00,(1.95 B),44.40%,"287,910.00",395.33,392.00,461.34 B,3.68%,"4,600.00",153.00,0.51%,2.00,-,6.11,394,388,394,42190000,1060,177,395,392,394,408,384,,,106700,42186600,386,-1950000000,44.4,287910,395.33,392,461340000000,3.68,4600,153,0.51,2,,6.11,2,0.51
STAA,"1,020","5
(+0.49%)","1,010","1,020","2,44B",24.02K,296,"1,015","1,015","1,015","1,020","1,005",-,-,"2,402,100.00","2,437,501,500.00","1,014.00",250.21 B,50.00%,"3,516,120.00","1,015.00","1,015.00","11,121.44 B",0.99%,"1,965.00",785.00,0.49%,5.00,(0.16 B),10.16,1020,1010,1020,2440000000,24020,296,1015,1015,1015,1020,1005,,,2402100,2437501500,1014,250210000000,50,3516120,1015,1015,11121440000000,0.99,1965,785,0.49,5,-160000000,10.16,5,0.49
STRK,71,"1
(+1.43%)",70,71,"511,01M",72.39K,548,71,70,72,72,70,-,-,"7,239,100.00","511,006,700.00",71.00,7.13 B,47.32%,"26,738,210.00",71.00,70.00,761.25 B,-,276.00,60.00,1.43%,1.00,102.93 M,-35.58,71,70,71,511010000,72390,548,71,70,72,72,70,,,7239100,511006700,71,7130000000,47.32,26738210,71,70,761250000000,,276,60,1.43,1,102930000,-35.58,1,1.43
SULI,79,"1
(-1.25%)",78,79,"35,95M",4.58K,114,78,80,80,80,78,-,-,"458,000.00","35,951,900.00",79.00,782.37 B,48.61%,"1,866,075.00",79.00,80.00,499.34 B,2.60%,226.00,68.00,-1.25%,-1.00,-,-3.60,79,78,79,35950000,4580,114,78,80,80,80,78,,,458000,35951900,79,782370000000,48.61,1866075,79,80,499340000000,2.6,226,68,-1.25,-1,,-3.6,1,-1.25
SURE,"2,780","30
(+1.09%)","2,780","2,790","5,79M",21,12,"2,755","2,750","2,750","2,800","2,700",-,-,"2,100.00","5,786,000.00","2,754.00",293.89 M,48.35%,"66,745.00","2,760.00","2,750.00","4,163.26 B",-1.77%,"4,560.00","2,320.00",1.09%,30.00,272.00 K,10.00,2780,2780,2790,5790000,21,12,2755,2750,2750,2800,2700,,,2100,5786000,2754,293890000,48.35,66745,2760,2750,4163260000000,-1.77,4560,2320,1.09,30,272000,10,30,1.09
SWID,91,"0
(0.00%)",90,91,"39,64M",4.37K,94,91,91,92,92,90,-,-,"437,900.00","39,638,600.00",91.00,(0.13 B),48.68%,"1,260,490.00",91.00,91.00,490.04 B,-1.09%,180.00,58.00,-,-,(36.40 K),15.60,91,90,91,39640000,4370,94,91,91,92,92,90,,,437900,39638600,91,-130000000,48.68,1260490,91,91,490040000000,-1.09,180,58,,,-36400,15.6,0,0
TAPG,"1,575","5
(+0.32%)","1,575","1,580","18,44B",116.98K,"2,94K","1,576","1,570","1,570","1,595","1,550",-,-,"11,698,700.00","18,441,128,000.00","1,562.00",(459.09 B),54.31%,"10,924,170.00","1,573.33","1,570.00","31,267.75 B",2.27%,"2,300.00","1,200.00",0.32%,5.00,(3.78 B),2.12,1575,1575,1580,18440000000,116980,2940,1576,1570,1570,1595,1550,,,11698700,18441128000,1562,-459090000000,54.31,10924170,1573.33,1570,31267750000000,2.27,2300,1200,0.32,5,-3780000000,2.12,5,0.32
TARA,32,"2
(+6.67%)",-,-,"5,43M",1.7K,47,32,30,32,32,31,-,-,"170,900.00","5,430,700.00",32.00,133.93 B,57.29%,"588,780.00",31.67,30.00,322.23 B,6.67%,57.00,9.00,6.67%,2.00,-,8.85,32,,,5430000,1700,47,32,30,32,32,31,,,170900,5430700,32,133930000000,57.29,588780,31.67,30,322230000000,6.67,57,9,6.67,2,,8.85,2,6.67
TAXI,12,"1
(-7.69%)",-,-,"150,16M",125.13K,202,12,13,12,12,12,-,-,"12,513,600.00","150,163,200.00",12.00,156.12 B,43.57%,"11,998,430.00",12.00,13.00,122.68 B,-,36.00,6.00,-7.69%,-1.00,-,-46.60,12,,,150160000,125130,202,12,13,12,12,12,,,12513600,150163200,12,156120000000,43.57,11998430,12,13,122680000000,,36,6,-7.69,-1,,-46.6,1,-7.69
TAYS,50,"0
(0.00%)",-,-,-,-,-,-,50,50,50,50,-,-,-,-,50.00,2.75 B,25.46%,"10,905.00",50.00,50.00,54.95 B,-,107.00,50.00,-,-,-,-5.33,50,,,,,,,50,50,50,50,,,,,50,2750000000,25.46,10905,50,50,54950000000,,107,50,,,,-5.33,0,0
TBIG,"1,415","15
(-1.05%)","1,415","1,420","580,84M",4.08K,282,"1,423","1,430","1,430","1,450","1,405",-,-,"408,300.00","580,840,000.00","1,433.00","(5,421.23 B)",46.91%,"696,270.00","1,423.33","1,430.00","32,059.65 B",-0.35%,"2,950.00","1,220.00",-1.05%,-15.00,(0.19 B),-29.43,1415,1415,1420,580840000,4080,282,1423,1430,1430,1450,1405,,,408300,580840000,1433,-5421230000000,46.91,696270,1423.33,1430,32059650000000,-0.35,2950,1220,-1.05,-15,-190000000,-29.43,15,-1.05
TBLA,645,"5
(+0.78%)",640,645,"465,48M",7.23K,224,643,640,640,650,635,-,-,"723,500.00","465,482,000.00",637.00,225.11 B,54.95%,"1,677,280.00",643.33,640.00,"3,886.37 B",4.03%,895.00,530.00,0.78%,5.00,(48.10 M),7.74,645,640,645,465480000,7230,224,643,640,640,650,635,,,723500,465482000,637,225110000000,54.95,1677280,643.33,640,3886370000000,4.03,895,530,0.78,5,-48100000,7.74,5,0.78
TCID,"2,750","0
(0.00%)","2,750","2,770","2,21M",8,3,"2,763","2,750","2,770","2,770","2,750",-,-,800.00,"2,210,000.00","2,760.00",(23.82 B),46.71%,"24,430.00","2,756.67","2,750.00","1,105.87 B",-1.79%,"4,080.00","2,090.00",-,-,-,-4.65,2750,2750,2770,2210000,8,3,2763,2750,2770,2770,2750,,,800,2210000,2760,-23820000000,46.71,24430,2756.67,2750,1105870000000,-1.79,4080,2090,,,,-4.65,0,0
TEBE,"1,015","0
(0.00%)","1,005","1,015","450,52M",4.46K,222,"1,010","1,015","1,020","1,020","1,005",-,-,"446,000.00","450,517,000.00","1,011.00",(142.97 B),49.24%,"517,905.00","1,013.33","1,015.00","1,304.28 B",0.50%,"4,530.00",740.00,-,-,5.77 M,-17.73,1015,1005,1015,450520000,4460,222,1010,1015,1020,1020,1005,,,446000,450517000,1011,-142970000000,49.24,517905,1013.33,1015,1304280000000,0.5,4530,740,,,5770000,-17.73,0,0
TFAS,180,"0
(0.00%)",178,180,"50,64M",2.79K,135,181,180,180,183,177,-,-,"279,700.00","50,642,400.00",180.00,150.83 B,37.00%,"698,380.00",180.00,180.00,300.00 B,-3.23%,482.00,114.00,-,-,-,1.17,180,178,180,50640000,2790,135,181,180,180,183,177,,,279700,50642400,180,150830000000,37,698380,180,180,300000000000,-3.23,482,114,,,,1.17,0,0
TINS,"3,570","0
(0.00%)","3,550","3,560","94,66B",265.46K,"7,65K","3,566","3,570","3,590","3,610","3,510",-,-,"26,546,300.00","94,662,129,000.00","3,512.00","2,806.02 B",55.07%,"29,854,735.00","3,563.33","3,570.00","26,588.48 B",2.88%,"4,720.00",985.00,-,-,3.15 B,-11.75,3570,3550,3560,94660000000,265460,7650,3566,3570,3590,3610,3510,,,26546300,94662129000,3512,2806020000000,55.07,29854735,3563.33,3570,26588480000000,2.88,4720,985,,,3150000000,-11.75,0,0
TKIM,"5,925","175
(-2.87%)","5,925","5,950","18,40B",30.49K,"1,57K","6,035","6,100","6,100","6,150","5,925",-,-,"3,049,300.00","18,401,707,500.00","5,745.00","1,642.79 B",53.10%,"2,580,825.00","6,000.00","6,100.00","18,445.85 B",9.72%,"11,300.00","4,400.00",-2.87%,-175.00,(9.76 B),-14.85,5925,5925,5950,18400000000,30490,1570,6035,6100,6100,6150,5925,,,3049300,18401707500,5745,1642790000000,53.1,2580825,6000,6100,18445850000000,9.72,11300,4400,-2.87,-175,-9760000000,-14.85,175,-2.87
TLKM,"2,660","130
(+5.14%)","2,650","2,660","379,18B",1.43M,"24,45K","2,634","2,530","2,550","2,670","2,540",-,-,"143,963,900.00","379,183,119,000.00","2,556.00","(13,019.92 B)",54.62%,"130,714,560.00","2,623.33","2,530.00","263,505.50 B",7.26%,"3,990.00","2,350.00",5.14%,130.00,76.34 B,31.21,2660,2650,2660,379180000000,1430000,24450,2634,2530,2550,2670,2540,,,143963900,379183119000,2556,-13019920000000,54.62,130714560,2623.33,2530,263505500000000,7.26,3990,2350,5.14,130,76340000000,31.21,130,5.14
TMPO,105,"1
(+0.96%)",104,105,"388,87M",37.09K,290,105,104,103,106,103,-,-,"3,709,100.00","388,871,700.00",104.00,4.80 B,49.66%,"4,880,325.00",104.67,104.00,111.12 B,3.96%,272.00,80.00,0.96%,1.00,-,-25.04,105,104,105,388870000,37090,290,105,104,103,106,103,,,3709100,388871700,104,4800000000,49.66,4880325,104.67,104,111120000000,3.96,272,80,0.96,1,,-25.04,1,0.96
TNCA,140,"5
(+3.70%)",143,145,"2,56B",165.35K,"3,84K",155,135,145,163,140,-,-,"16,535,600.00","2,562,963,300.00",138.00,5.09 B,48.76%,"1,482,645.00",147.67,135.00,59.03 B,3.70%,338.00,120.00,3.70%,5.00,-,14.43,140,143,145,2560000000,165350,3840,155,135,145,163,140,,,16535600,2562963300,138,5090000000,48.76,1482645,147.67,135,59030000000,3.7,338,120,3.7,5,,14.43,5,3.7
TOBA,464,"2
(+0.43%)",462,464,"7,65B",163.26K,"2,80K",468,462,464,480,456,-,-,"16,326,600.00","7,647,520,200.00",454.00,234.50 B,62.22%,"8,969,680.00",466.67,462.00,"3,860.25 B",17.77%,"1,575.00",300.00,0.43%,2.00,699.84 M,-22.88,464,462,464,7650000000,163260,2800,468,462,464,480,456,,,16326600,7647520200,454,234500000000,62.22,8969680,466.67,462,3860250000000,17.77,1575,300,0.43,2,699840000,-22.88,2,0.43
TOTL,"1,045","5
(-0.48%)","1,040","1,045","1,78B",17.13K,"1,18K","1,039","1,050","1,050","1,050","1,035",-,-,"1,713,900.00","1,779,907,500.00","1,050.00",276.09 B,45.58%,"1,240,735.00","1,043.33","1,050.00","3,563.45 B",-0.48%,"1,290.00",660.00,-0.48%,-5.00,(23.97 M),-18.78,1045,1040,1045,1780000000,17130,1180,1039,1050,1050,1050,1035,,,1713900,1779907500,1050,276090000000,45.58,1240735,1043.33,1050,3563450000000,-0.48,1290,660,-0.48,-5,-23970000,-18.78,5,-0.48
TOWR,410,"20
(+5.13%)",408,410,"30,32B",750.68K,"6,06K",404,390,388,410,384,-,-,"75,068,600.00","30,316,969,800.00",386.00,"(8,884.00 B)",64.57%,"43,720,950.00",401.33,390.00,"24,230.22 B",10.22%,700.00,310.00,5.13%,20.00,(8.47 B),24.54,410,408,410,30320000000,750680,6060,404,390,388,410,384,,,75068600,30316969800,386,-8884000000000,64.57,43720950,401.33,390,24230220000000,10.22,700,310,5.13,20,-8470000000,24.54,20,5.13
TPIA,"1,945","15
(+0.78%)","1,940","1,945","619,42B",3.2M,"44,54K","1,934","1,930","1,935","1,980","1,895",-,-,"320,340,100.00","619,418,368,000.00","1,911.00","1,501.38 B",45.71%,"380,973,570.00","1,940.00","1,930.00","168,264.96 B",7.76%,"10,000.00","1,205.00",0.78%,15.00,(19.64 B),-3.15,1945,1940,1945,619420000000,3200000,44540,1934,1930,1935,1980,1895,,,320340100,619418368000,1911,1501380000000,45.71,380973570,1940,1930,168264960000000,7.76,10000,1205,0.78,15,-19640000000,-3.15,15,0.78
TPMA,446,"2
(+0.45%)",444,446,"254,28M",5.71K,288,445,444,444,448,444,-,-,"571,200.00","254,284,400.00",445.00,(87.05 B),52.69%,"2,220,915.00",446.00,444.00,"1,564.31 B",-,635.00,320.00,0.45%,2.00,(0.67 M),-3.76,446,444,446,254280000,5710,288,445,444,444,448,444,,,571200,254284400,445,-87050000000,52.69,2220915,446,444,1564310000000,,635,320,0.45,2,-670000,-3.76,2,0.45
TRUE,50,"0
(0.00%)",-,-,-,-,-,-,50,50,50,50,-,-,-,-,50.00,(4.89 B),27.52%,"37,392,155.00",50.00,50.00,378.56 B,-,535.00,16.00,-,-,-,-30.61,50,,,,,,,50,50,50,50,,,,,50,-4890000000,27.52,37392155,50,50,378560000000,,535,16,,,,-30.61,0,0
TSPC,"2,600","10
(+0.39%)","2,610","2,620","1,73B",6.58K,327,"2,623","2,590","2,600","2,660","2,590",-,-,"658,200.00","1,726,554,000.00","2,538.00","(1,575.57 B)",66.73%,"544,810.00","2,616.67","2,590.00","11,725.65 B",3.17%,"3,220.00","2,120.00",0.39%,10.00,(0.17 B),26.80,2600,2610,2620,1730000000,6580,327,2623,2590,2600,2660,2590,,,658200,1726554000,2538,-1575570000000,66.73,544810,2616.67,2590,11725650000000,3.17,3220,2120,0.39,10,-170000000,26.8,10,0.39
UANG,"2,390","10
(-0.42%)","2,390","2,420","254,50M",1.06K,202,"2,387","2,400","2,400","2,440","2,320",-,-,"106,600.00","254,499,000.00","2,446.00",(2.77 B),49.94%,"208,175.00","2,383.33","2,400.00","2,891.90 B",-5.53%,"8,000.00",197.00,-0.42%,-10.00,(18.69 M),-8.13,2390,2390,2420,254500000,1060,202,2387,2400,2400,2440,2320,,,106600,254499000,2446,-2770000000,49.94,208175,2383.33,2400,2891900000000,-5.53,8000,197,-0.42,-10,-18690000,-8.13,10,-0.42
ULTJ,"1,435","20
(+1.41%)","1,430","1,435","725,64M",5.09K,547,"1,423","1,415","1,420","1,445","1,400",-,-,"509,800.00","725,640,000.00","1,414.00",(542.45 B),58.93%,"1,021,320.00","1,426.67","1,415.00","14,921.38 B",4.74%,"1,725.00","1,210.00",1.41%,20.00,(0.24 B),7.94,1435,1430,1435,725640000,5090,547,1423,1415,1420,1445,1400,,,509800,725640000,1414,-542450000000,58.93,1021320,1426.67,1415,14921380000000,4.74,1725,1210,1.41,20,-240000000,7.94,20,1.41
UNTR,"26,550","375
(-1.39%)","26,800","26,850","91,06B",33.99K,"6,13K","26,787","26,925","26,950","27,100","26,550",-,-,"3,399,300.00","91,058,132,500.00","26,855.00","2,577.35 B",63.91%,"4,173,205.00","26,733.33","26,925.00","99,035.09 B",8.37%,"32,825.00","20,125.00",-1.39%,-375.00,(18.52 B),-13.72,26550,26800,26850,91060000000,33990,6130,26787,26925,26950,27100,26550,,,3399300,91058132500,26855,2577350000000,63.91,4173205,26733.33,26925,99035090000000,8.37,32825,20125,-1.39,-375,-18520000000,-13.72,375,-1.39
UNVR,"1,700","15
(+0.89%)","1,695","1,700","22,53B",132.65K,"3,96K","1,698","1,685","1,685","1,715","1,675",-,-,"13,265,800.00","22,531,639,000.00","1,682.00","(7,194.69 B)",47.88%,"13,837,350.00","1,696.67","1,685.00","64,855.00 B",-1.73%,"2,840.00","1,485.00",0.89%,15.00,(1.47 B),-31.58,1700,1695,1700,22530000000,132650,3960,1698,1685,1685,1715,1675,,,13265800,22531639000,1682,-7194690000000,47.88,13837350,1696.67,1685,64855000000000,-1.73,2840,1485,0.89,15,-1470000000,-31.58,15,0.89
VERN,197,"3
(-1.50%)",198,199,"3,05B",153.19K,"1,45K",199,200,200,208,190,-,-,"15,319,000.00","3,050,422,500.00",191.00,4.58 B,80.13%,"15,882,095.00",198.33,200.00,938.83 B,34.01%,222.00,83.00,-1.50%,-3.00,877.31 M,-24.55,197,198,199,3050000000,153190,1450,199,200,200,208,190,,,15319000,3050422500,191,4580000000,80.13,15882095,198.33,200,938830000000,34.01,222,83,-1.5,-3,877310000,-24.55,3,-1.5
VICO,138,"2
(+1.47%)",138,139,"1,02B",67.84K,"2,40K",151,136,140,165,137,-,-,"6,784,400.00","1,024,252,900.00",135.00,(0.24 B),51.80%,"368,865.00",146.67,136.00,"2,099.96 B",2.99%,230.00,115.00,1.47%,2.00,(16.41 M),4.76,138,138,139,1020000000,67840,2400,151,136,140,165,137,,,6784400,1024252900,135,-240000000,51.8,368865,146.67,136,2099960000000,2.99,230,115,1.47,2,-16410000,4.76,2,1.47
VIVA,32,"1
(-3.03%)",-,-,"126,63M",39.57K,258,32,33,32,32,32,-,-,"3,957,100.00","126,627,200.00",33.00,(405.82 B),45.14%,"4,984,545.00",32.00,33.00,526.86 B,-5.88%,84.00,12.00,-3.03%,-1.00,-,-26.64,32,,,126630000,39570,258,32,33,32,32,32,,,3957100,126627200,33,-405820000000,45.14,4984545,32,33,526860000000,-5.88,84,12,-3.03,-1,,-26.64,1,-3.03
VKTR,705,"10
(+1.44%)",705,710,"59,32B",817.02K,"16,96K",726,695,700,750,700,-,-,"81,702,400.00","59,321,886,000.00",698.00,(37.21 B),59.39%,"56,370,365.00",718.33,695.00,"30,843.75 B",35.58%,"1,340.00",79.00,1.44%,10.00,(11.47 B),-18.42,705,705,710,59320000000,817020,16960,726,695,700,750,700,,,81702400,59321886000,698,-37210000000,59.39,56370365,718.33,695,30843750000000,35.58,1340,79,1.44,10,-11470000000,-18.42,10,1.44
VTNY,67,"6
(+9.84%)",66,67,"1,54B",237.28K,"1,53K",65,61,62,68,61,-,-,"23,728,400.00","1,536,907,900.00",62.00,(13.88 B),63.77%,"16,629,905.00",65.33,61.00,419.77 B,13.56%,130.00,51.00,9.84%,6.00,378.63 M,42.07,67,66,67,1540000000,237280,1530,65,61,62,68,61,,,23728400,1536907900,62,-13880000000,63.77,16629905,65.33,61,419770000000,13.56,130,51,9.84,6,378630000,42.07,6,9.84
WEGE,50,"0
(0.00%)",-,50,"64,14M",12.82K,107,50,50,50,50,50,-,-,"1,282,800.00","64,140,000.00",50.00,11.58 B,36.83%,"1,026,215.00",50.00,50.00,478.60 B,-,96.00,50.00,-,-,-,-5.92,50,,50,64140000,12820,107,50,50,50,50,50,,,1282800,64140000,50,11580000000,36.83,1026215,50,50,478600000000,,96,50,,,,-5.92,0,0
WIFI,"1,995","45
(-2.21%)","1,990","1,995","52,42B",260.93K,"6,28K","2,009","2,040","2,030","2,050","1,970",-,-,"26,093,100.00","52,421,961,000.00","1,877.00",(155.04 B),63.93%,"19,904,970.00","2,005.00","2,040.00","10,590.56 B",20.54%,"4,420.00","1,270.00",-2.21%,-45.00,(11.62 B),-41.29,1995,1990,1995,52420000000,260930,6280,2009,2040,2030,2050,1970,,,26093100,52421961000,1877,-155040000000,63.93,19904970,2005,2040,10590560000000,20.54,4420,1270,-2.21,-45,-11620000000,-41.29,45,-2.21
WIIM,"1,600","5
(+0.31%)","1,595","1,600","786,33M",4.93K,508,"1,592","1,595","1,595","1,600","1,585",-,-,"493,900.00","786,325,500.00","1,583.00",113.37 B,50.26%,"714,990.00","1,595.00","1,595.00","3,359.80 B",2.56%,"2,160.00",755.00,0.31%,5.00,(87.64 M),8.73,1600,1595,1600,786330000,4930,508,1592,1595,1595,1600,1585,,,493900,786325500,1583,113370000000,50.26,714990,1595,1595,3359800000000,2.56,2160,755,0.31,5,-87640000,8.73,5,0.31
WINR,20,"1
(-4.76%)",-,-,"495,14M",246.01K,453,20,21,21,21,20,-,-,"24,601,000.00","495,136,800.00",21.00,4.71 B,42.96%,"22,774,605.00",20.33,21.00,104.71 B,-4.76%,75.00,18.00,-4.76%,-1.00,-,-28.70,20,,,495140000,246010,453,20,21,21,21,20,,,24601000,495136800,21,4710000000,42.96,22774605,20.33,21,104710000000,-4.76,75,18,-4.76,-1,,-28.7,1,-4.76
WIRG,53,"0
(0.00%)",53,54,"1,24B",234.34K,852,53,53,53,54,52,-,-,"23,434,700.00","1,241,812,700.00",52.00,(268.98 B),42.32%,"36,789,885.00",53.00,53.00,632.75 B,3.92%,242.00,50.00,-,-,(0.11 B),-5.12,53,53,54,1240000000,234340,852,53,53,53,54,52,,,23434700,1241812700,52,-268980000000,42.32,36789885,53,53,632750000000,3.92,242,50,,,-110000000,-5.12,0,0
WMUU,50,"0
(0.00%)",-,50,"12,17M",2.43K,99,50,50,50,50,50,-,-,"243,400.00","12,170,000.00",50.00,3.50 B,35.73%,"4,385,240.00",50.00,50.00,647.06 B,-,102.00,11.00,-,-,-,-10.27,50,,50,12170000,2430,99,50,50,50,50,50,,,243400,12170000,50,3500000000,35.73,4385240,50,50,647060000000,,102,11,,,,-10.27,0,0
WOOD,192,"18
(-8.57%)",193,194,"4,12B",214.65K,"1,51K",192,210,206,208,185,-,-,"21,465,900.00","4,117,018,900.00",198.00,(225.72 B),38.56%,"3,732,720.00",195.00,210.00,"1,236.00 B",3.23%,620.00,170.00,-8.57%,-18.00,8.35 M,-41.07,192,193,194,4120000000,214650,1510,192,210,206,208,185,,,21465900,4117018900,198,-225720000000,38.56,3732720,195,210,1236000000000,3.23,620,170,-8.57,-18,8350000,-41.07,18,-8.57
WOWS,60,"0
(0.00%)",60,61,"345,07M",57.62K,490,60,60,61,61,59,-,-,"5,762,500.00","345,070,900.00",60.00,(9.85 B),52.99%,"12,681,175.00",60.00,60.00,148.54 B,5.26%,163.00,51.00,-,-,7.13 M,5.59,60,60,61,345070000,57620,490,60,60,61,61,59,,,5762500,345070900,60,-9850000000,52.99,12681175,60,60,148540000000,5.26,163,51,,,7130000,5.59,0,0
WTON,74,"0
(0.00%)",73,74,"139,57M",18.88K,142,74,74,74,75,73,-,-,"1,888,300.00","139,568,600.00",73.00,(333.92 B),51.72%,"2,011,620.00",74.00,74.00,644.94 B,2.78%,124.00,59.00,-,-,74.00 K,6.96,74,73,74,139570000,18880,142,74,74,74,75,73,,,1888300,139568600,73,-333920000000,51.72,2011620,74,74,644940000000,2.78,124,59,,,74000,6.96,0,0
XAU,"4,012.70","74.60
(-1.84%)",-,-,-,1.04K,-,-,"4,051.80","3,975.50","4,017.20","3,964.20",-,-,-,-,-,-,-,-,-,-,-,-,-,-,-,-,-,-,4012.7,,,,1040,,,4051.8,3975.5,4017.2,3964.2,,,,,,,,,,,,,,,,,,,74.6,-1.84
ZATA,50,"0
(0.00%)",-,-,-,-,-,-,50,50,50,50,-,-,-,-,50.00,10.02 B,33.92%,"18,603,530.00",50.00,50.00,424.80 B,-,163.00,9.00,-,-,-,-20.29,50,,,,,,,50,50,50,50,,,,,50,10020000000,33.92,18603530,50,50,424800000000,,163,9,,,,-20.29,0,0
ZYRX,128,"1
(-0.78%)",127,128,"36,26M",2.84K,190,127,129,131,131,126,-,-,"284,500.00","36,260,500.00",129.00,2.75 B,44.81%,"230,035.00",128.33,129.00,170.67 B,-0.78%,200.00,107.00,-0.78%,-1.00,12.60 K,-11.43,128,127,128,36260000,2840,190,127,129,131,131,126,,,284500,36260500,129,2750000000,44.81,230035,128.33,129,170670000000,-0.78,200,107,-0.78,-1,12600,-11.43,1,-0.78
